CALLER,RECEIVER,DURATION_SEC,TOWER_ID,DATE
+916330394558,05604954282,123,L16,2024-04-07
05687847033,07919785417,895,L15,2025-01-16
+914296431265,01179039159,375,L15,2025-06-29
+913970569817,+911153515080,213,L16,2023-07-01
4454329400,7443478080,720,L12,2024-09-19
07396619614,01440281795,823,L13,2023-05-06
+915904443371,07919785417,422,L13,2022-07-10
+914910168757,+918326713362,477,L13,2022-08-29
07455419767,1375513672,526,L14,2025-12-15
+914296431265,+914017332760,488,L15,2023-05-15
02197084677,1405174893,618,L13,2024-11-06
+912358454193,6493168362,813,L14,2024-04-29
05415885644,+911895959995,845,L14,2022-01-06
+917106718853,05687847033,598,L15,2025-09-13
+912358454193,1754627811,500,L14,2023-12-08
+912588340080,+915904443371,198,L13,2025-11-29
2970858880,+916719932760,799,L12,2024-04-21
+915904443371,+912588340080,835,L15,2024-02-20
+913279774365,3152821407,672,L15,2022-11-08
3739349217,09326585587,609,L12,2023-11-11
+915580795292,+913770284193,543,L12,2024-07-24
+912081240744,02528090888,675,L12,2022-11-13
+912588340080,+916632859376,351,L15,2025-06-30
01440281795,9968205431,877,L16,2025-10-13
1405174893,+915904443371,740,L16,2024-09-26
07396619614,+911422570088,651,L14,2025-11-02
01488871984,1143445680,449,L12,2022-07-21
+913950966283,+913939091670,34,L14,2022-04-05
3152821407,+915301936643,388,L13,2024-06-01
+918319518275,02528090888,703,L13,2023-01-04
05738442412,09649796664,396,L13,2025-06-23
07455419767,+910466990768,242,L14,2024-08-02
+912588340080,03019893024,828,L14,2024-08-10
+917095178482,6791721909,457,L16,2023-12-09
8601129452,06682596186,711,L15,2023-05-28
9968205431,01179039159,398,L12,2024-09-16
+913467019505,2970858880,593,L14,2023-08-29
07919785417,05687847033,410,L12,2023-07-17
+919116217756,+913939091670,767,L16,2022-04-11
3642506870,05687847033,298,L16,2023-04-17
3152821407,+916719932760,199,L14,2025-06-25
+917095178482,+912081240744,680,L13,2025-10-26
01440281795,00806911792,666,L14,2022-03-22
3152821407,07396619614,378,L12,2022-09-27
9658829813,+915904443371,430,L13,2022-12-26
4454329400,02197084677,379,L16,2024-12-23
+918326713362,05687847033,268,L14,2024-09-13
3642506870,3992755330,122,L12,2024-08-17
7291389047,3739349217,885,L15,2025-10-17
3739349217,3152821407,379,L15,2022-07-04
07919785417,+916614260755,470,L14,2024-01-25
0646320864,2357251175,385,L13,2022-08-10
+912588340080,+918053048497,579,L16,2023-11-03
+916719932760,+911422570088,848,L14,2024-08-08
01440281795,01513152874,51,L14,2022-03-18
03593874176,01513152874,245,L13,2025-01-05
1405174893,+918964618370,765,L16,2025-11-27
5797940050,9135330926,163,L12,2024-04-29
05687847033,02879227893,291,L14,2022-03-09
+910361689527,+913950966283,246,L12,2024-01-13
+911377204389,+918964618370,665,L12,2024-01-05
2588421589,01179039159,130,L12,2024-07-20
03019893024,01440281795,616,L12,2022-02-13
3152821407,+918319518275,133,L13,2025-03-02
+911422570088,+917562745092,217,L13,2025-04-15
2357251175,+916719932760,797,L16,2022-10-30
07919785417,+912358454193,153,L16,2022-09-24
05604954282,05738442412,681,L13,2022-02-22
07919785417,3152821407,248,L14,2025-04-20
07919785417,05781650615,134,L16,2024-05-12
01513152874,+911422570088,464,L16,2024-01-12
03796181062,+912588340080,231,L12,2025-06-13
+917106718853,01970861405,679,L14,2024-12-03
+912588340080,06682596186,67,L15,2024-09-07
05980819939,+915606858100,734,L12,2024-06-27
3318978217,+915904443371,156,L13,2022-05-15
+916947239687,01440281795,566,L14,2025-12-29
1405174893,+910502970960,306,L16,2024-07-18
01787502998,+911826217300,723,L16,2022-08-23
+912081240744,+910361689527,467,L15,2023-04-13
3992755330,+912588340080,430,L14,2022-07-14
05980819939,03019893024,388,L15,2022-11-09
+911422570088,05687847033,100,L12,2024-06-03
3642506870,+918964618370,138,L12,2025-02-13
0646320864,+919116217756,342,L12,2025-10-04
02528090888,+915580795292,773,L12,2024-05-16
+916632859376,03245201232,365,L16,2022-08-01
+911895959995,5871683548,498,L12,2023-04-05
09915489126,+919116217756,122,L16,2023-07-25
+916719932760,07104463104,579,L16,2025-06-27
+917095178482,+919116217756,628,L14,2025-09-09
07396619614,+916947239687,785,L14,2023-09-25
09915489126,05738442412,151,L15,2025-03-05
+911422570088,9135330926,36,L16,2022-07-07
+910361689527,5797940050,354,L14,2022-11-19
7352778763,+910502970960,58,L13,2022-11-15
+910685105885,9066248106,88,L15,2023-07-12
03019893024,+914017332760,457,L14,2024-04-28
+910361689527,+911895959995,358,L12,2024-05-30
01928977360,+917095178482,503,L14,2024-12-15
9066248106,9960844701,618,L12,2022-04-23
+910361689527,00860293164,790,L14,2022-10-09
+914942617974,+916260285256,514,L13,2024-05-31
00220117690,+916614260755,240,L16,2024-10-21
05687847033,3152821407,78,L12,2024-03-24
5389320020,+912588340080,84,L16,2023-10-04
07104463104,5618343531,660,L14,2024-05-05
01513152874,07919785417,337,L16,2022-12-18
+912588340080,+913939091670,375,L15,2022-06-30
9968205431,2991323347,608,L16,2024-03-31
+916330394558,+912358454193,768,L13,2023-11-27
3992755330,05738442412,527,L12,2025-07-20
+916614260755,01179039159,799,L14,2023-12-17
+918000827127,2357251175,839,L13,2022-10-30
+910402533516,08869565908,182,L13,2025-05-18
+911153515080,03019893024,186,L15,2025-07-10
+912588340080,+919116217756,598,L16,2024-07-08
01440281795,+912702862510,335,L14,2025-07-08
05901183152,+911422570088,457,L14,2025-07-17
3152821407,03796181062,365,L12,2024-11-05
+915904443371,+912588340080,63,L14,2024-01-26
+916330394558,+912358454193,880,L16,2022-07-04
03796181062,1405174893,599,L12,2025-02-09
+912588340080,2357251175,672,L14,2023-01-21
01787502998,07455419767,68,L12,2024-07-11
2357251175,05687847033,736,L16,2022-06-22
01440281795,07396619614,729,L15,2024-06-15
+916614260755,09649796664,377,L14,2024-02-03
1405174893,01234666964,700,L12,2025-05-09
3152821407,01440281795,72,L12,2023-11-07
+919116217756,1405174893,263,L16,2025-09-06
+912358454193,3992755330,601,L13,2025-09-21
00425079208,+915904443371,676,L15,2025-12-01
00220117690,1375513672,91,L16,2023-09-27
1405174893,3152821407,837,L16,2022-09-19
+910218648716,+917095178482,525,L12,2024-01-12
+918964618370,05738442412,224,L15,2023-12-01
01179039159,01488871984,163,L14,2022-06-08
9968205431,+910402533516,794,L16,2025-01-10
07396619614,3992755330,789,L13,2025-06-19
+910502970960,5871683548,190,L16,2025-11-19
2357251175,05738442412,453,L15,2022-03-31
+918964618370,+912040965640,459,L14,2025-06-04
0909203877,3152821407,244,L13,2024-12-29
+915904443371,2357251175,485,L14,2023-02-02
+917095178482,+919116217756,456,L14,2024-08-03
05240973068,07455419767,433,L13,2022-11-28
3152821407,00624939725,261,L15,2022-04-17
+915580795292,02197084677,110,L16,2025-12-27
9968205431,01928977360,786,L14,2022-11-25
+912588340080,+911895959995,855,L12,2024-06-14
00860293164,+916719932760,466,L12,2023-12-17
+914296431265,2588421589,387,L15,2023-04-28
03593874176,+918964618370,33,L12,2023-10-15
05687847033,01440281795,815,L13,2022-10-27
07396619614,00425079208,488,L13,2025-11-26
07450965646,+912588340080,635,L12,2022-01-11
07919785417,+910361689527,158,L16,2025-01-28
+916614260755,8045261055,300,L14,2023-05-02
8512139853,+913467019505,659,L15,2025-06-29
+911422570088,05687847033,516,L16,2025-05-07
07919785417,+911895959995,252,L14,2022-10-22
07104463104,02879227893,251,L15,2025-03-14
01179039159,03019893024,541,L12,2024-01-09
00743723873,02197084677,810,L16,2024-11-05
07919785417,+912358454193,49,L15,2025-07-25
+911377204389,08869565908,21,L12,2024-01-02
09915489126,+918355538922,648,L16,2022-08-01
5554619979,3992755330,50,L16,2023-12-23
3992755330,01440281795,855,L15,2025-11-03
+911377204389,+914017332760,191,L12,2022-10-04
1375513672,3173508138,42,L13,2023-08-24
9066248106,01179039159,47,L14,2023-10-09
+911895959995,+913279774365,561,L14,2024-08-27
07396619614,01440281795,297,L12,2024-01-02
+912358454193,3992755330,132,L15,2024-01-24
5937116722,9135330926,400,L13,2023-11-26
2764258363,+911895959995,825,L15,2022-06-19
+916330394558,07735495506,847,L16,2023-01-05
+915301936643,+910402533516,340,L14,2025-09-15
+915904443371,07735495506,441,L15,2022-12-08
09915489126,9066248106,895,L16,2023-12-24
01488871984,+916947239687,815,L12,2022-04-28
+917095178482,06558860788,530,L13,2025-10-23
00743723873,7291389047,627,L15,2025-10-20
07396619614,+911422570088,802,L14,2025-08-14
+918964618370,1793612164,38,L13,2025-05-24
+917095178482,1793612164,385,L12,2024-06-28
2970858880,+916614260755,412,L14,2023-10-06
8542099590,8045261055,758,L15,2023-01-17
+911895959995,+918326713362,125,L14,2023-06-21
1375513672,+910361689527,631,L15,2023-08-08
01179039159,+919922495422,80,L13,2024-07-14
3318978217,1754627811,94,L14,2025-10-28
03019893024,1375513672,568,L14,2025-01-15
05889263786,9968205431,733,L13,2025-12-24
3152821407,+911895959995,129,L13,2023-02-16
+913508081684,07455419767,374,L16,2025-02-08
+918964618370,3152821407,569,L16,2022-09-23
+910209804374,+911422570088,412,L16,2024-09-07
02406405843,09326585587,329,L12,2025-08-08
+912588340080,+917095178482,357,L16,2022-09-20
01440281795,05738442412,137,L16,2024-06-05
9658829813,9066248106,132,L13,2024-11-27
+915904443371,05738442412,731,L14,2023-04-07
00860293164,+911895959995,295,L14,2022-06-11
01179039159,8388286030,286,L14,2022-09-14
02879227893,+910218648716,661,L16,2022-12-12
3173508138,5871683548,679,L16,2025-07-02
3992755330,2764258363,47,L12,2022-02-28
9066248106,01440281795,595,L13,2023-06-27
+916524643328,5981963708,659,L15,2022-03-04
5937116722,02197084677,662,L15,2023-09-11
+918319518275,3152821407,420,L15,2023-09-02
+913770284193,+914017332760,213,L16,2023-11-28
01031947165,+912358454193,331,L15,2023-12-09
4454329400,+918964618370,580,L14,2022-08-06
2991323347,8512139853,465,L13,2023-05-23
3241204431,+914942617974,398,L15,2025-06-14
8542099590,+912358454193,168,L16,2023-11-02
+912081240744,01179039159,168,L16,2024-10-17
+912588340080,+914344639907,514,L12,2022-02-17
00860293164,07455419767,251,L16,2023-03-17
09915489126,9066248106,511,L15,2025-05-08
7443478080,07919785417,115,L13,2024-06-01
+917622376190,+918000827127,787,L14,2024-04-05
+919116217756,+918964618370,300,L15,2022-05-31
07455419767,+917562745092,291,L16,2025-06-30
+916260285256,+912480543482,408,L14,2024-02-04
+919116217756,+918964618370,152,L16,2023-02-12
+911895959995,07455419767,51,L13,2022-03-21
1375513672,3152821407,536,L13,2024-07-24
01787502998,+911895959995,340,L14,2025-06-09
05738442412,+914910168757,762,L16,2023-09-05
3992755330,05687847033,550,L16,2024-09-30
8601129452,2357251175,382,L12,2023-11-10
09720077636,+910466990768,820,L12,2025-11-10
+910502970960,05781650615,676,L16,2025-03-30
+916719932760,9066248106,496,L16,2022-12-16
01440281795,+918053048497,866,L13,2024-02-18
2357251175,2991323347,591,L12,2025-12-05
01179039159,+913770284193,433,L15,2022-11-07
+913939091670,02528090888,798,L15,2025-06-06
+912358454193,5554619979,68,L13,2025-12-16
+911895959995,+919116217756,683,L16,2024-09-06
1405174893,8388286030,475,L14,2024-12-27
02197084677,+917095178482,893,L14,2025-10-26
09649796664,01179039159,257,L16,2023-07-26
02022520672,7352778763,309,L13,2023-08-15
+913939091670,+914017332760,496,L16,2023-12-16
05415885644,3152821407,285,L12,2023-08-13
2970858880,02197084677,409,L13,2023-12-08
+914942617974,7443478080,736,L14,2022-06-11
2764258363,03019893024,770,L13,2024-09-08
+910361689527,+916614260755,580,L14,2025-11-26
00624939725,02879227893,605,L13,2023-05-06
9066248106,00806911792,236,L13,2025-07-30
9066248106,+914296431265,739,L12,2024-08-25
+917095178482,00624939725,568,L15,2022-11-20
03019893024,+917622376190,492,L13,2024-09-04
+910685105885,7443478080,297,L12,2025-08-15
01970861405,+916330394558,592,L16,2023-04-21
7293535159,9968205431,43,L15,2022-12-25
+917622376190,05738442412,42,L15,2024-03-24
01179039159,1143445680,898,L12,2023-08-16
07919785417,+919116217756,114,L14,2023-11-18
+912588340080,01440281795,541,L13,2024-10-08
9968205431,+912588340080,202,L14,2022-08-19
05738442412,+912588340080,268,L12,2023-01-17
5554619979,3152821407,586,L13,2025-10-13
05738442412,9968205431,420,L16,2024-05-25
3992755330,00916559505,102,L13,2023-01-14
+914017332760,7805346187,11,L15,2023-06-19
+913508081684,+910685105885,342,L16,2023-09-11
+912081240744,07919785417,674,L13,2024-01-07
+911422570088,+916260285256,319,L15,2022-11-24
+913939091670,2764258363,725,L12,2023-09-29
01440281795,7352778763,381,L13,2025-06-12
+916719932760,+919922495422,161,L16,2024-07-20
+918964618370,1375513672,487,L13,2025-01-05
+911153515080,+917095178482,615,L16,2022-06-17
1754627811,1375513672,84,L12,2025-03-01
+911422570088,02197084677,522,L16,2023-02-19
+916614260755,05738442412,879,L15,2024-12-01
01513152874,+910361689527,602,L12,2024-09-28
3318978217,1754627811,61,L13,2024-07-17
+911895959995,+912588340080,64,L15,2025-02-18
+917095178482,+915904443371,27,L14,2024-03-21
2357251175,3642506870,597,L12,2022-05-30
0992696419,+913939091670,559,L12,2022-05-04
+912702862510,+912588340080,298,L13,2024-04-17
+916524643328,+917562745092,751,L15,2025-08-15
+918964618370,05889263786,464,L15,2024-02-13
+916330394558,06682596186,900,L13,2025-01-09
03019893024,09915489126,187,L15,2025-01-05
+916614260755,+918000827127,233,L12,2022-01-08
09720077636,+912588340080,741,L15,2025-01-20
+916614260755,2357251175,258,L14,2024-08-01
5871683548,01179039159,747,L12,2022-08-20
2357251175,5797940050,789,L13,2022-02-02
+910361689527,+910402533516,39,L16,2024-07-03
+917095178482,+912358454193,255,L15,2022-04-01
+913770284193,02197084677,777,L13,2022-04-26
07455419767,+914942617974,840,L14,2025-03-25
02406405843,+918380599695,843,L13,2023-10-19
8601129452,01031947165,681,L13,2024-12-03
+914296431265,+916947239687,575,L13,2025-04-26
+913970569817,05980819939,512,L14,2022-04-07
3173508138,+917095178482,809,L14,2024-12-10
+913939091670,06558860788,312,L13,2024-02-10
+910685105885,+912588340080,874,L14,2023-04-07
+912358454193,01031947165,479,L16,2022-04-29
+914296431265,5981963708,547,L15,2022-10-02
2991323347,+910361689527,667,L15,2022-06-11
9968205431,+910218648716,746,L12,2023-01-26
5285887593,+917095178482,622,L12,2022-03-22
01179039159,+911153515080,746,L16,2025-10-07
01970861405,+915904443371,20,L13,2023-03-10
06682596186,+916260285256,777,L13,2024-09-07
+913939091670,1375513672,411,L16,2023-05-06
+915904443371,01928977360,482,L14,2024-12-28
+915904443371,09915489126,514,L12,2024-08-12
3152821407,+912081240744,784,L13,2023-10-18
+918964618370,+914296431265,581,L13,2023-03-30
07919785417,02197084677,603,L15,2025-04-01
+915301936643,01179039159,240,L16,2024-02-17
05687847033,07455419767,675,L14,2025-11-03
+910630887425,2357251175,745,L15,2025-08-07
+912588340080,+918355538922,365,L13,2022-12-13
+912040965640,+914017332760,560,L12,2025-08-07
+916614260755,05687847033,81,L12,2025-09-30
+917562745092,+914296431265,867,L13,2025-07-15
+911422570088,05901183152,228,L15,2024-11-01
+918964618370,+918053048497,687,L15,2025-06-16
03019893024,07919785417,549,L15,2025-02-03
07919785417,+916614260755,286,L14,2025-01-02
07919785417,2357251175,695,L13,2024-05-31
+912693669801,3241204431,157,L13,2023-05-09
+918053048497,05604954282,367,L15,2023-07-02
+916330394558,06432369684,475,L13,2025-03-03
+913279774365,+916719932760,705,L12,2022-06-15
+910218648716,1405174893,570,L12,2024-09-01
01440281795,1375513672,89,L15,2024-10-20
01440281795,3992755330,883,L16,2022-07-15
+911278666421,+916719932760,893,L16,2025-11-18
+914017332760,9066248106,81,L14,2025-11-02
3318978217,+919116217756,38,L14,2023-01-03
07919785417,+910361689527,152,L15,2025-12-30
07397909442,8601129452,582,L16,2023-05-08
05687847033,1405174893,558,L15,2023-11-11
+910685105885,7291389047,710,L16,2022-06-10
3642506870,09915489126,105,L13,2024-06-14
05687847033,3992755330,792,L16,2025-06-11
2588421589,01234666964,35,L14,2025-07-22
3152821407,+912588340080,238,L16,2023-12-30
7352778763,9031323230,701,L15,2025-04-14
+916330394558,+918053048497,822,L12,2023-05-20
+916330394558,5871683548,733,L13,2025-07-22
7293535159,+915904443371,114,L12,2022-07-07
3173508138,+913950966283,784,L12,2023-07-07
4454329400,01179039159,464,L16,2025-02-14
+911895959995,+910402533516,96,L16,2023-12-26
+910218648716,03245201232,337,L12,2024-02-28
+914942617974,1405174893,91,L13,2025-02-19
2970858880,05738442412,394,L13,2022-12-14
01031947165,05738442412,287,L14,2024-05-12
+914017332760,+916330394558,262,L15,2023-05-21
03796181062,01179039159,114,L14,2022-10-05
07919785417,9960844701,866,L15,2025-06-24
3152821407,3992755330,347,L16,2024-05-31
+919922495422,+915904443371,716,L15,2023-02-16
+915904443371,3739349217,331,L15,2023-08-20
+916632859376,5315937580,338,L14,2024-02-10
2357251175,9960844701,121,L13,2025-02-28
03796181062,02197084677,703,L12,2025-01-31
00743723873,+912588340080,730,L15,2023-03-06
3152821407,05687847033,75,L15,2024-04-17
00624939725,+915904443371,263,L13,2025-09-10
1375513672,3152821407,80,L16,2024-07-08
+914017332760,00916559505,523,L15,2025-11-17
02197084677,3152821407,373,L16,2025-12-07
03796181062,+918326713362,116,L14,2023-05-24
05738442412,09964165538,581,L15,2025-08-14
3739349217,3992755330,820,L12,2024-05-31
07919785417,+910630887425,527,L16,2024-11-28
01858173651,02406405843,461,L15,2024-02-06
+912588340080,+917095178482,712,L13,2024-10-21
09915489126,07919785417,112,L15,2023-08-29
+911278666421,+916330394558,856,L14,2022-10-18
+915904443371,+912588340080,216,L15,2024-12-03
09915489126,+911826217300,744,L15,2025-11-27
+915904443371,8601129452,834,L12,2025-12-26
07919785417,3992755330,116,L13,2025-10-18
07397909442,9135330926,533,L16,2022-12-24
05738442412,+919116217756,478,L15,2023-04-20
01440281795,01179039159,678,L15,2024-06-04
07396619614,02879227893,207,L16,2024-07-09
07104463104,07919785417,224,L14,2023-02-26
0909203877,2357251175,69,L12,2025-03-28
3152821407,+916614260755,379,L13,2023-10-30
+912588340080,+911775319685,888,L16,2024-09-29
3739349217,+915904443371,402,L15,2025-06-05
0646320864,09915489126,870,L16,2024-07-26
05738442412,+917095178482,824,L16,2023-09-02
6506161068,+917095178482,325,L13,2022-08-30
+915904443371,05738442412,715,L16,2022-10-17
1405174893,+910502970960,593,L15,2024-02-25
01179039159,01440281795,715,L13,2025-08-14
02197084677,+914017332760,148,L14,2023-01-19
9968205431,+918053048497,891,L12,2024-01-06
+914017332760,01179039159,398,L16,2025-02-24
03019893024,02528090888,508,L15,2024-05-01
+914017332760,+916330394558,36,L14,2023-03-28
07396619614,+916719932760,300,L15,2022-12-11
+919116217756,+918380599695,512,L16,2025-01-30
8045261055,01513152874,798,L14,2025-01-17
02197084677,07450965646,783,L16,2024-06-22
+916719932760,0992696419,758,L13,2025-08-31
02022520672,01488871984,465,L14,2023-06-23
+912358454193,+916330394558,891,L13,2022-08-29
+910361689527,7293535159,710,L16,2023-12-20
01440281795,05738442412,147,L13,2023-02-28
3152821407,+919116217756,550,L16,2023-07-30
+916614260755,+915904443371,725,L14,2023-08-23
2970858880,00743723873,531,L12,2025-10-23
+919922495422,0909203877,426,L14,2022-05-02
+912358454193,00220117690,891,L13,2022-09-29
3042182703,+915904443371,258,L15,2025-10-16
+914017332760,02406405843,280,L15,2025-07-09
+918964618370,+916330394558,818,L15,2022-07-10
+911895959995,6493168362,382,L15,2024-07-20
+915904443371,07919785417,797,L15,2022-07-10
01440281795,+913939091670,875,L16,2022-05-10
2588421589,+916632859376,849,L15,2023-03-10
5285887593,05687847033,350,L16,2025-01-25
4454329400,9968205431,812,L12,2023-12-05
9066248106,+913970569817,861,L12,2024-07-30
09326585587,+912358454193,456,L12,2024-07-23
+914910168757,05980819939,710,L14,2022-09-28
6791721909,05415885644,285,L14,2022-07-11
05604954282,+918964618370,669,L12,2022-12-05
2588421589,+915904443371,721,L15,2023-04-25
03019893024,1375513672,6,L15,2023-03-14
+916330394558,03796181062,536,L15,2025-10-24
07919785417,+913939091670,841,L15,2022-09-04
+913939091670,+914017332760,239,L12,2024-02-24
+918355538922,+910402533516,325,L14,2024-01-23
00624939725,01234666964,776,L13,2022-09-30
+911422570088,+919116217756,629,L13,2025-08-24
+913770284193,+912081240744,648,L15,2022-11-07
02879227893,+913950966283,227,L12,2022-06-27
7291389047,8512139853,752,L14,2024-02-26
06682596186,+915904443371,148,L14,2023-05-23
01440281795,8542099590,620,L16,2025-05-13
01928977360,7352778763,32,L14,2025-09-10
+910361689527,01787502998,198,L14,2024-03-13
01440281795,3152821407,817,L15,2023-05-06
1405174893,2991323347,658,L12,2025-05-01
+916614260755,09720077636,374,L13,2023-10-11
1405174893,05687847033,435,L16,2024-01-19
+917095178482,+911153515080,793,L12,2022-05-30
0646320864,07919785417,225,L12,2022-03-23
1793612164,2588421589,298,L16,2025-07-11
+916524643328,0992696419,416,L16,2022-06-18
+916614260755,5871683548,90,L12,2023-09-27
+911895959995,+910361689527,832,L16,2022-11-15
+915904443371,0646320864,786,L12,2025-08-23
+915904443371,5389320020,871,L12,2023-05-04
+918319518275,2764258363,123,L16,2024-07-17
09649796664,+915904443371,764,L13,2025-09-09
+916260285256,1375513672,723,L13,2022-01-24
07455419767,09915489126,534,L13,2023-06-15
+918964618370,1143445680,899,L12,2023-07-05
+918380599695,07396619614,831,L14,2024-05-29
+916614260755,+911775319685,595,L12,2025-07-09
07455419767,+911895959995,61,L16,2024-10-20
05738442412,6791721909,796,L16,2022-07-30
+917095178482,01513152874,763,L12,2024-11-08
9066248106,+912358454193,255,L15,2022-04-05
+918964618370,+911278666421,188,L16,2022-03-14
3152821407,1375513672,676,L13,2024-05-08
+915904443371,5981963708,742,L14,2023-10-18
05687847033,2970858880,127,L12,2024-10-25
05738442412,3152821407,52,L12,2024-04-01
+914344639907,+912358454193,797,L14,2023-09-29
+916330394558,+912588340080,382,L14,2023-02-15
+919116217756,+915904443371,642,L15,2023-05-12
+918964618370,6563606777,796,L16,2023-02-05
+911153515080,+918319518275,11,L12,2024-04-19
+916719932760,09915489126,864,L12,2025-11-21
1793612164,07919785417,678,L14,2024-02-10
+912693669801,+916614260755,248,L15,2024-05-09
06682596186,6563606777,150,L14,2025-12-28
+910218648716,+911278666421,870,L15,2024-11-30
+913939091670,+918964618370,770,L16,2022-06-23
3241204431,+919922495422,844,L12,2024-03-18
03796181062,+911422570088,683,L13,2022-09-25
+914942617974,9968205431,825,L14,2024-03-15
+915904443371,06736519594,81,L13,2023-02-20
5315937580,0646320864,164,L13,2022-08-05
+912588340080,+915904443371,128,L14,2025-01-02
3739349217,+910361689527,320,L14,2024-08-06
9968205431,+916330394558,831,L14,2025-11-06
05687847033,+913939091670,46,L14,2023-03-17
3042182703,1375513672,369,L16,2024-03-22
9066248106,8601129452,844,L12,2022-12-23
00743723873,9968205431,574,L13,2025-01-31
3241204431,+910402533516,817,L12,2022-10-14
07919785417,05687847033,232,L13,2022-09-25
2357251175,+918964618370,650,L12,2025-08-13
+910466990768,+910630887425,837,L12,2022-06-03
01488871984,01179039159,666,L13,2024-06-27
+910218648716,9968205431,833,L12,2023-11-11
9066248106,+912588340080,177,L15,2025-03-21
2357251175,9960844701,35,L15,2024-02-23
05738442412,+910361689527,196,L14,2023-07-18
1754627811,3042182703,633,L16,2025-06-22
+918319518275,+915301936643,426,L15,2025-02-01
+911422570088,+912164135828,145,L13,2024-05-08
01440281795,3152821407,260,L16,2025-07-15
3152821407,+913279774365,805,L14,2025-12-31
+914017332760,5315937580,357,L16,2025-03-04
+915904443371,06736519594,31,L16,2023-10-16
+916719932760,2809302877,802,L12,2023-07-30
2357251175,+912588340080,371,L13,2025-04-11
6563606777,+911826217300,677,L14,2023-05-09
+916614260755,3152821407,759,L13,2022-04-25
02406405843,+911377204389,402,L13,2023-12-28
05738442412,03796181062,830,L14,2025-11-29
+918326713362,07396619614,722,L16,2023-12-22
01179039159,+913279774365,509,L14,2025-01-15
05738442412,07396619614,62,L16,2023-04-22
+916719932760,+916614260755,5,L16,2023-11-11
+910361689527,4454329400,739,L14,2022-12-30
+911422570088,3042182703,726,L12,2022-10-18
9968205431,+912358454193,79,L15,2024-02-05
0646320864,3992755330,335,L13,2022-10-07
+918355538922,5389320020,659,L14,2024-09-24
05738442412,+916632859376,715,L14,2025-06-10
+916719932760,6506161068,184,L14,2024-02-14
5554619979,+915301936643,186,L16,2022-01-04
1405174893,03593874176,586,L13,2022-03-08
07735495506,+911278666421,631,L16,2023-03-29
+912693669801,07455419767,344,L13,2022-06-09
09915489126,+915904443371,656,L14,2022-07-01
1754627811,05781650615,260,L12,2025-11-20
09915489126,3152821407,742,L12,2022-01-03
1405174893,+918355538922,175,L15,2024-04-27
+917622376190,09915489126,389,L15,2022-07-27
3152821407,01858173651,781,L13,2025-11-08
05738442412,+911422570088,871,L14,2022-03-10
07919785417,+911775319685,112,L14,2022-06-01
05738442412,+918964618370,754,L16,2022-06-03
3173508138,09720077636,351,L16,2025-05-01
2809302877,1375513672,446,L13,2025-08-31
09649796664,9031323230,59,L14,2022-07-27
+910361689527,01179039159,718,L16,2025-02-08
05781650615,+912164135828,248,L12,2022-07-16
9960844701,02197084677,507,L12,2022-11-11
+918964618370,05980819939,306,L16,2025-09-17
+914017332760,3241204431,216,L14,2022-12-16
+912480543482,+912588340080,123,L15,2023-09-24
+912588340080,2809302877,276,L16,2022-07-06
1405174893,+918964618370,395,L13,2024-01-27
1754627811,05781650615,481,L13,2023-06-24
05687847033,+919116217756,159,L12,2025-11-27
+916330394558,3992755330,559,L16,2024-04-27
+916719932760,+911422570088,401,L15,2024-12-06
3739349217,+913939091670,491,L13,2025-03-18
+914017332760,+916330394558,879,L16,2022-03-13
+919116217756,+911895959995,590,L16,2025-10-19
3042182703,1793612164,464,L13,2022-12-21
6563606777,2357251175,134,L15,2022-03-29
+916330394558,+917095178482,211,L13,2025-07-08
05687847033,+910630887425,749,L12,2022-05-18
1405174893,2588421589,338,L16,2023-07-20
+912588340080,+915580795292,810,L16,2025-12-05
0646320864,5315937580,120,L13,2024-04-28
3042182703,6506161068,781,L12,2022-07-25
+919116217756,+910402533516,297,L14,2025-01-01
+914344639907,05781650615,675,L16,2024-09-21
09649796664,07396619614,287,L13,2024-04-05
+918053048497,+917095178482,416,L15,2022-03-21
5937116722,3992755330,248,L15,2022-04-11
+911278666421,3318978217,25,L14,2023-11-23
+915904443371,9968205431,883,L12,2025-11-26
6563606777,+916719932760,312,L14,2024-06-26
5285887593,5981963708,666,L13,2022-07-02
+913950966283,+918326713362,421,L16,2024-09-19
+912358454193,2357251175,532,L12,2022-11-22
+915904443371,+911895959995,143,L16,2024-12-09
07396619614,01179039159,857,L12,2023-02-16
8542099590,+912588340080,374,L13,2025-12-14
+916947239687,2357251175,522,L12,2024-03-23
+917095178482,2991323347,505,L15,2025-05-01
05738442412,+912358454193,605,L14,2025-02-03
09915489126,05687847033,269,L12,2025-11-11
01928977360,1405174893,171,L13,2025-03-17
9968205431,01440281795,698,L14,2023-02-28
01440281795,+911895959995,890,L12,2025-10-29
+914017332760,4454329400,182,L12,2025-05-16
+916719932760,09649796664,317,L14,2025-12-30
0992696419,+918964618370,362,L14,2024-07-29
+916719932760,+915904443371,538,L15,2025-07-01
0646320864,07919785417,683,L16,2024-02-06
01440281795,09649796664,310,L12,2025-11-02
+914017332760,3992755330,288,L14,2025-08-04
+912358454193,+911775319685,733,L14,2025-08-27
01179039159,+911895959995,251,L16,2022-04-27
5618343531,+915904443371,148,L15,2022-02-22
01488871984,+910630887425,433,L15,2024-04-08
5554619979,+910466990768,590,L14,2023-01-24
+917106718853,+916719932760,552,L15,2025-07-31
01970861405,+917095178482,524,L13,2023-09-07
05687847033,+915580795292,190,L12,2023-08-25
+912588340080,9135330926,747,L13,2025-02-18
00860293164,5377250541,675,L13,2022-07-02
09915489126,3642506870,319,L14,2024-05-11
+918964618370,0646320864,479,L15,2022-08-30
9066248106,01440281795,599,L12,2025-06-25
+912588340080,01179039159,127,L15,2025-10-26
+916614260755,+914296431265,896,L13,2022-11-05
+914910168757,3992755330,588,L13,2024-07-26
+915904443371,1375513672,802,L15,2022-06-15
3992755330,+912702862510,325,L12,2025-07-23
07919785417,+916947239687,784,L16,2022-12-12
+917562745092,+914017332760,786,L13,2022-06-30
02879227893,01440281795,418,L15,2024-05-28
1405174893,07396619614,209,L12,2024-02-04
05889263786,07450965646,548,L12,2023-01-26
+917095178482,01440281795,259,L14,2023-04-09
+915904443371,+910402533516,520,L14,2025-04-20
05738442412,2357251175,310,L15,2023-08-19
+918000827127,+910502970960,350,L13,2024-06-07
3992755330,5377250541,372,L13,2023-01-21
1793612164,00425079208,418,L13,2022-02-09
+916719932760,+912702862510,221,L16,2022-02-14
07455419767,8512139853,733,L12,2025-08-25
+918964618370,01440281795,794,L16,2024-12-31
9066248106,03593874176,682,L12,2022-08-10
9066248106,01513152874,459,L12,2024-02-18
02197084677,+914017332760,161,L12,2023-02-25
8601129452,03019893024,683,L14,2024-12-01
+918624286751,+913939091670,433,L16,2022-08-03
+912040965640,+916260285256,121,L15,2022-08-06
05781650615,+916614260755,211,L15,2024-01-04
+915301936643,07396619614,513,L15,2023-03-02
3992755330,07919785417,692,L12,2022-07-02
05687847033,+917095178482,157,L16,2022-07-04
+916330394558,+912081240744,267,L13,2025-08-12
+912588340080,09720077636,275,L12,2024-08-08
+911826217300,05738442412,45,L14,2023-08-19
3152821407,+915904443371,761,L12,2022-08-26
9968205431,05889263786,14,L13,2022-10-11
3992755330,2809302877,641,L12,2023-07-04
+918964618370,3992755330,121,L15,2024-03-31
06682596186,06736519594,399,L15,2025-11-13
3152821407,01440281795,821,L12,2022-12-08
4454329400,+917106718853,869,L12,2022-11-23
5981963708,6506161068,826,L15,2025-03-11
05738442412,1405174893,372,L12,2025-06-06
+912358454193,+917622376190,749,L15,2022-09-25
+911278666421,8045261055,426,L12,2024-06-21
+911422570088,03019893024,17,L16,2025-12-13
+916524643328,02406405843,583,L14,2023-04-04
+911895959995,+913939091670,638,L15,2022-07-15
03019893024,8542099590,359,L15,2025-09-21
3042182703,05687847033,632,L12,2022-04-22
01440281795,6791721909,874,L15,2024-08-19
+912358454193,+916330394558,508,L13,2023-10-19
3992755330,6493168362,524,L16,2023-04-02
01440281795,5618343531,245,L15,2022-06-11
+913950966283,2970858880,95,L15,2024-10-17
+915904443371,+911377204389,768,L12,2025-08-31
+910402533516,+914296431265,575,L12,2025-01-29
05687847033,3152821407,638,L14,2025-07-29
05889263786,+919116217756,675,L15,2025-10-07
1793612164,+918964618370,60,L15,2023-04-02
3992755330,+916524643328,619,L14,2024-08-26
1375513672,01513152874,782,L13,2025-09-11
07919785417,09915489126,653,L16,2023-08-21
+911895959995,1375513672,51,L15,2022-12-03
7291389047,1375513672,743,L12,2024-04-18
08869565908,01179039159,128,L13,2024-03-15
+912588340080,5315937580,738,L12,2023-11-24
07450965646,9066248106,653,L16,2025-10-08
8512139853,05889263786,473,L16,2025-09-10
8388286030,+919922495422,515,L16,2022-01-09
5554619979,02197084677,448,L15,2025-04-13
2764258363,5315937580,186,L16,2025-11-17
05738442412,2357251175,111,L16,2024-03-04
01787502998,+915904443371,398,L16,2024-05-07
00425079208,+911153515080,285,L14,2024-03-25
+916632859376,+912588340080,141,L15,2022-10-10
07735495506,5937116722,529,L16,2023-09-05
+912358454193,1375513672,571,L13,2025-07-19
01179039159,+913970569817,302,L14,2025-11-07
+911278666421,4454329400,732,L13,2025-08-24
07455419767,+913939091670,335,L12,2025-12-25
+911153515080,+919116217756,601,L15,2025-03-14
+917095178482,2809302877,551,L15,2023-08-09
3152821407,+916614260755,30,L13,2024-02-20
5285887593,3152821407,298,L14,2025-10-31
3042182703,+911422570088,808,L13,2023-08-28
+910685105885,07396619614,838,L12,2024-07-15
02879227893,+917095178482,580,L16,2023-04-05
1405174893,+911895959995,820,L14,2025-11-26
+913939091670,9066248106,395,L15,2024-03-04
8388286030,+912480543482,325,L12,2025-02-04
07919785417,05604954282,640,L13,2024-06-26
9658829813,1375513672,668,L16,2024-01-24
02197084677,07735495506,799,L14,2023-02-01
+912588340080,+911377204389,81,L13,2023-01-18
5554619979,+916260285256,46,L14,2024-05-27
+919116217756,4454329400,603,L12,2023-06-07
3992755330,1375513672,163,L13,2022-03-23
07397909442,+910502970960,797,L16,2025-07-04
9968205431,8601129452,813,L16,2025-03-18
09915489126,3152821407,330,L13,2024-12-12
8388286030,+911895959995,810,L13,2024-10-31
5981963708,+916614260755,99,L13,2023-12-17
+910209804374,03019893024,344,L14,2024-01-09
+916719932760,0909203877,548,L16,2024-08-30
2357251175,+911377204389,14,L14,2022-08-23
1754627811,00806911792,633,L13,2025-06-26
06432369684,+917095178482,333,L12,2024-02-21
1405174893,02197084677,294,L16,2022-02-20
2357251175,+918964618370,827,L15,2024-11-07
+914017332760,02022520672,672,L14,2023-01-30
+911895959995,1793612164,176,L16,2025-01-06
07919785417,+911422570088,691,L13,2025-07-13
+912358454193,0992696419,111,L16,2023-02-26
05687847033,+914344639907,764,L12,2024-06-10
1143445680,5871683548,475,L12,2023-11-11
+916330394558,9066248106,818,L16,2023-05-31
+911422570088,2357251175,269,L15,2024-04-14
+912588340080,5618343531,328,L15,2022-02-04
+917095178482,+916614260755,661,L12,2025-06-20
+910685105885,0646320864,722,L14,2022-05-29
09926343033,+912693669801,810,L14,2025-11-05
01787502998,+912164135828,453,L15,2024-02-21
2357251175,07396619614,165,L13,2024-12-28
00624939725,1405174893,821,L14,2025-01-22
06432369684,01031947165,698,L14,2025-08-19
8388286030,07919785417,900,L13,2025-02-10
8512139853,07919785417,615,L16,2024-03-18
02197084677,+916330394558,220,L13,2023-12-06
+914296431265,01440281795,529,L13,2022-10-19
05738442412,+918053048497,263,L12,2023-02-02
05738442412,3152821407,877,L16,2022-04-22
+912588340080,02197084677,302,L12,2025-10-07
05604954282,01179039159,599,L14,2024-09-24
09915489126,+917095178482,245,L14,2022-07-24
+918053048497,5377250541,330,L15,2024-09-22
3992755330,03019893024,715,L13,2025-04-11
+919116217756,+918964618370,328,L13,2024-05-27
07919785417,+918319518275,231,L15,2025-12-29
6493168362,09915489126,700,L15,2023-11-11
+912588340080,09915489126,317,L16,2024-09-24
+915606858100,01440281795,88,L13,2023-07-29
05889263786,01179039159,756,L12,2025-07-07
+918000827127,05889263786,874,L12,2024-11-04
2357251175,01858173651,792,L13,2025-04-23
01970861405,02197084677,561,L15,2025-01-10
03019893024,3042182703,406,L16,2023-04-03
+918355538922,+914942617974,480,L16,2024-10-23
+916330394558,+918964618370,15,L13,2025-09-19
9968205431,3152821407,633,L13,2025-11-02
07450965646,7291389047,168,L16,2023-01-02
1793612164,03019893024,154,L14,2024-09-17
07396619614,+911153515080,242,L14,2022-05-09
+918964618370,9066248106,216,L14,2024-11-26
1405174893,00425079208,52,L14,2022-03-23
+910402533516,+916632859376,653,L14,2023-07-15
01858173651,+919116217756,390,L15,2025-08-31
+918964618370,03019893024,860,L16,2022-06-09
05604954282,6563606777,233,L15,2024-11-23
09915489126,+912358454193,503,L16,2024-09-14
07919785417,+917622376190,455,L13,2022-12-06
+916330394558,01440281795,221,L13,2022-11-04
6791721909,07735495506,841,L13,2022-08-31
+914296431265,3992755330,121,L15,2024-09-13
+914017332760,6506161068,667,L12,2024-04-21
+918319518275,00220117690,611,L13,2022-11-26
01440281795,07396619614,591,L12,2022-10-28
05738442412,2764258363,534,L16,2024-04-10
+916632859376,01440281795,741,L14,2025-09-17
00860293164,+910361689527,626,L15,2024-08-23
05738442412,05687847033,620,L16,2022-10-20
2357251175,05738442412,680,L14,2024-11-12
05738442412,+913939091670,469,L16,2025-05-06
+911422570088,1405174893,140,L12,2022-08-11
+910361689527,+912358454193,521,L15,2025-11-02
05687847033,01787502998,186,L16,2024-09-01
03245201232,+914344639907,549,L12,2024-10-27
+910218648716,03019893024,622,L12,2025-01-09
3318978217,01234666964,669,L16,2024-06-02
5797940050,+915580795292,719,L15,2024-12-21
+916719932760,3152821407,813,L14,2024-02-20
6506161068,9135330926,784,L16,2025-11-27
+911826217300,+919922495422,493,L12,2023-04-22
01928977360,+914344639907,423,L13,2023-06-12
07919785417,3642506870,12,L16,2025-03-29
+916260285256,07919785417,675,L14,2023-02-25
06558860788,+912693669801,441,L16,2025-08-27
08869565908,9968205431,438,L14,2025-03-02
09964165538,+914910168757,411,L15,2023-02-22
02197084677,+919116217756,188,L16,2024-01-29
02197084677,08869565908,319,L14,2025-03-29
01234666964,2588421589,146,L12,2025-09-12
1143445680,1754627811,721,L12,2022-11-28
+910361689527,00916559505,351,L16,2025-02-01
+913939091670,1375513672,169,L12,2024-03-07
3152821407,2357251175,487,L15,2025-05-14
+916330394558,05781650615,384,L16,2022-06-13
07396619614,1405174893,415,L16,2025-06-11
7443478080,06682596186,63,L15,2022-12-25
+913770284193,+910361689527,677,L14,2024-11-27
01179039159,3152821407,527,L13,2024-11-22
02879227893,+917095178482,373,L12,2023-05-05
+912480543482,+916330394558,287,L14,2024-03-29
+917095178482,5618343531,210,L12,2024-11-26
5554619979,+911422570088,97,L14,2025-01-30
+917106718853,+919116217756,601,L14,2023-12-14
06682596186,6493168362,625,L15,2023-02-03
07397909442,02406405843,272,L15,2022-12-25
07455419767,+919116217756,520,L14,2023-08-26
00860293164,3152821407,268,L16,2025-01-06
05604954282,+913950966283,391,L15,2025-02-27
+918380599695,07450965646,799,L15,2024-07-28
3318978217,+912358454193,498,L14,2022-08-27
+911422570088,01440281795,230,L13,2025-10-18
3152821407,+914296431265,366,L16,2024-11-23
07919785417,05687847033,259,L12,2023-08-12
2588421589,1143445680,355,L16,2022-06-05
07397909442,+914017332760,367,L16,2023-03-24
5285887593,00860293164,704,L15,2023-01-25
7293535159,+913508081684,252,L13,2023-06-28
+916719932760,05687847033,861,L14,2025-06-20
6791721909,+912693669801,85,L15,2025-10-16
02879227893,+917562745092,559,L15,2022-03-28
+918964618370,+915904443371,593,L15,2023-07-17
05738442412,+917562745092,528,L15,2023-07-28
+916719932760,02406405843,60,L15,2024-12-12
+914017332760,02197084677,519,L15,2023-12-13
+912358454193,01234666964,473,L16,2022-09-04
+912588340080,+913939091670,17,L13,2025-10-12
1405174893,+910402533516,375,L14,2025-06-08
01179039159,+911775319685,280,L16,2024-08-23
3992755330,05738442412,439,L15,2023-03-08
+913939091670,+918964618370,879,L14,2024-03-31
+912588340080,+919116217756,594,L13,2025-11-05
2357251175,+912081240744,828,L16,2023-04-28
9031323230,1405174893,154,L15,2022-11-03
3152821407,05738442412,516,L16,2022-10-03
+916614260755,+915904443371,503,L14,2023-09-07
2588421589,+913939091670,66,L14,2023-03-18
+914017332760,01440281795,465,L14,2023-11-17
+918964618370,+919116217756,834,L14,2023-06-12
07919785417,8512139853,893,L16,2025-10-23
01179039159,02406405843,669,L13,2025-01-07
09720077636,01928977360,337,L16,2025-10-10
+914017332760,5554619979,85,L16,2024-02-20
7443478080,01440281795,153,L14,2022-12-10
5797940050,09964165538,419,L12,2022-05-27
05738442412,+916719932760,329,L14,2025-08-30
1375513672,01787502998,409,L15,2023-07-10
5315937580,7352778763,770,L16,2025-04-17
3739349217,+914296431265,193,L13,2022-02-17
+918000827127,03019893024,766,L12,2025-12-06
+910361689527,2588421589,102,L15,2022-05-11
02197084677,07396619614,411,L12,2024-12-09
+912693669801,+918053048497,91,L15,2025-09-03
+915904443371,8542099590,295,L13,2024-06-26
4454329400,05687847033,34,L14,2022-03-13
+912358454193,+915904443371,492,L16,2024-08-14
05415885644,02197084677,143,L16,2025-11-29
05738442412,03245201232,651,L16,2025-07-26
9031323230,01440281795,551,L14,2023-09-27
+914017332760,+916719932760,96,L14,2024-06-23
+918964618370,+911775319685,315,L12,2022-01-22
+916614260755,07450965646,144,L14,2023-12-06
+912588340080,07919785417,508,L14,2024-09-04
07919785417,07104463104,304,L13,2025-05-07
3152821407,02197084677,198,L16,2024-04-23
5389320020,8542099590,737,L15,2025-08-15
05687847033,+916719932760,86,L13,2024-05-14
+911895959995,3152821407,632,L14,2025-11-22
01928977360,9135330926,833,L15,2023-07-05
01179039159,+911422570088,144,L12,2023-08-17
01440281795,+918053048497,283,L16,2025-12-05
07455419767,+915904443371,160,L16,2022-04-12
07919785417,6563606777,293,L13,2023-07-06
1375513672,+917106718853,243,L13,2022-07-04
07919785417,+910361689527,435,L15,2023-10-01
01488871984,+912588340080,815,L14,2022-03-06
+916330394558,0909203877,154,L14,2022-04-25
01234666964,+911422570088,486,L13,2023-01-07
2809302877,05604954282,395,L12,2022-01-26
+912480543482,1375513672,399,L13,2024-06-26
7293535159,07396619614,476,L16,2022-07-12
03019893024,+910361689527,403,L14,2025-10-27
7805346187,6791721909,750,L16,2022-03-28
+911895959995,08869565908,658,L13,2023-09-04
+918964618370,9066248106,687,L12,2023-03-23
+913508081684,9031323230,20,L14,2022-12-09
0646320864,9960844701,253,L12,2022-01-19
01858173651,+913939091670,709,L13,2025-05-06
+918964618370,+916330394558,166,L12,2024-10-20
+913939091670,3992755330,782,L12,2025-07-04
+911422570088,01440281795,723,L12,2025-01-03
09326585587,+916719932760,576,L14,2025-08-13
3152821407,+913770284193,202,L15,2022-02-13
09915489126,+919922495422,45,L15,2024-09-20
+919116217756,02197084677,506,L16,2023-01-24
01179039159,09915489126,754,L14,2024-08-17
+912358454193,03245201232,886,L13,2025-02-09
+911422570088,5871683548,307,L16,2023-06-24
+918964618370,07919785417,658,L15,2024-11-02
+918355538922,+917622376190,639,L16,2024-01-16
+913467019505,+912081240744,679,L15,2025-01-08
01179039159,+917095178482,789,L13,2025-02-03
09964165538,+915904443371,661,L12,2023-10-22
3241204431,03019893024,49,L13,2022-09-23
+915580795292,+910361689527,502,L12,2023-01-28
07396619614,01440281795,402,L15,2025-09-09
+916614260755,1375513672,267,L14,2022-04-11
+916719932760,+912040965640,18,L15,2023-03-04
09926343033,05687847033,484,L12,2025-08-01
+918964618370,9135330926,430,L12,2024-01-26
2357251175,05781650615,46,L14,2022-05-25
+916330394558,+910361689527,536,L12,2022-07-18
+917106718853,+916614260755,199,L16,2023-01-31
03019893024,+919116217756,188,L16,2025-02-17
+914296431265,+912693669801,658,L14,2025-03-26
+917095178482,1375513672,442,L13,2022-08-02
3152821407,02197084677,521,L13,2023-11-23
+916614260755,03245201232,365,L16,2023-10-08
+914910168757,+915904443371,385,L15,2024-04-24
05687847033,+915904443371,251,L16,2025-02-27
+910361689527,+917562745092,767,L14,2023-06-05
06682596186,1754627811,411,L12,2022-01-01
+911377204389,+910502970960,535,L14,2022-10-04
07919785417,+912702862510,224,L12,2023-10-07
+918380599695,3173508138,847,L16,2023-07-20
+911895959995,+919116217756,590,L12,2022-11-13
07396619614,09915489126,146,L14,2023-06-27
05889263786,8542099590,267,L12,2023-09-08
+910361689527,+916330394558,337,L13,2024-09-15
+914017332760,3318978217,724,L12,2025-03-26
+910502970960,8601129452,753,L15,2025-03-26
+916330394558,9066248106,794,L14,2023-11-16
+914344639907,9031323230,893,L13,2022-09-04
1143445680,9968205431,16,L15,2025-07-22
9066248106,+916614260755,331,L16,2025-01-10
05901183152,07455419767,231,L12,2022-11-10
+917095178482,01488871984,461,L16,2025-05-03
07455419767,+916719932760,301,L13,2024-03-18
4454329400,+916330394558,590,L16,2022-04-11
2588421589,+916330394558,518,L13,2024-06-08
+911153515080,+914017332760,207,L15,2024-09-26
01440281795,01179039159,635,L13,2024-12-09
2991323347,5285887593,445,L16,2023-10-25
+916330394558,+917095178482,438,L14,2024-01-19
01179039159,09915489126,676,L14,2022-02-19
05738442412,09915489126,846,L16,2024-06-24
01031947165,9066248106,842,L13,2023-04-24
+913939091670,6791721909,750,L12,2022-06-25
7293535159,2991323347,640,L14,2022-10-30
07919785417,+913939091670,118,L15,2023-09-17
+912588340080,3992755330,762,L13,2025-01-06
+910361689527,+916614260755,269,L15,2025-01-28
+918624286751,+914910168757,716,L12,2025-12-02
+918964618370,01970861405,544,L14,2022-03-31
05738442412,01928977360,813,L16,2025-11-27
06736519594,+912588340080,13,L15,2022-05-17
+918326713362,09915489126,115,L14,2022-02-09
+912358454193,01440281795,241,L16,2024-02-19
+912480543482,+911826217300,328,L16,2024-09-19
+916614260755,01179039159,517,L16,2024-07-26
09926343033,07919785417,258,L14,2024-12-20
3992755330,9960844701,165,L14,2022-02-07
+917095178482,09915489126,314,L16,2023-04-29
+916947239687,+911422570088,268,L12,2024-03-03
3173508138,1793612164,235,L14,2022-11-07
3318978217,03019893024,94,L16,2024-02-22
06432369684,09964165538,645,L13,2025-11-06
5981963708,2970858880,441,L16,2023-10-02
3992755330,02197084677,216,L13,2025-08-29
01858173651,+917095178482,212,L14,2022-10-10
+913939091670,3318978217,143,L13,2024-05-30
03019893024,+919116217756,166,L12,2023-10-13
+919116217756,1793612164,126,L14,2023-01-13
05687847033,01031947165,35,L15,2023-10-15
06682596186,+915904443371,768,L14,2025-07-28
05901183152,01179039159,139,L12,2023-01-14
+911153515080,09964165538,278,L16,2025-05-25
09964165538,+910502970960,241,L12,2025-11-08
09915489126,+913939091670,493,L16,2022-10-02
9968205431,+912588340080,670,L13,2024-02-05
9968205431,07455419767,145,L13,2022-12-02
+916719932760,06558860788,20,L15,2023-07-07
+916719932760,+917095178482,212,L12,2023-02-23
05738442412,8388286030,454,L15,2025-06-17
+913939091670,+912358454193,257,L15,2024-05-25
05240973068,09649796664,849,L14,2024-02-19
9960844701,7352778763,590,L16,2025-05-01
+916614260755,+915580795292,810,L16,2022-03-20
+915606858100,+912588340080,48,L16,2023-05-19
+916614260755,+912702862510,45,L15,2025-02-16
+911895959995,01440281795,55,L14,2023-01-24
+913770284193,+910209804374,797,L15,2023-08-09
05738442412,+915301936643,60,L16,2025-11-14
00806911792,+912588340080,666,L12,2024-07-14
+912081240744,8045261055,802,L16,2025-04-13
+919922495422,+914296431265,466,L13,2022-02-21
+912588340080,3318978217,211,L12,2024-07-20
05604954282,+913939091670,733,L12,2022-12-02
+910218648716,1375513672,654,L12,2024-01-14
+916614260755,1405174893,815,L16,2024-11-13
1793612164,1405174893,394,L13,2022-03-31
9658829813,+919116217756,680,L13,2022-11-04
+912358454193,05738442412,734,L15,2022-04-16
+915904443371,+918000827127,461,L13,2023-08-15
+916260285256,4454329400,212,L16,2022-01-08
+917562745092,07919785417,514,L16,2024-10-18
3152821407,09649796664,510,L13,2023-05-03
6506161068,+914017332760,424,L12,2024-06-23
07735495506,07919785417,565,L16,2023-07-24
01440281795,2357251175,217,L13,2022-04-11
3042182703,03019893024,42,L12,2022-10-25
03019893024,05687847033,310,L12,2023-11-10
9066248106,5981963708,187,L14,2022-11-27
09964165538,+913939091670,614,L16,2025-03-18
05738442412,+912588340080,597,L12,2024-01-08
+910218648716,8601129452,382,L12,2024-02-16
07450965646,9968205431,71,L15,2023-08-23
+919922495422,+913939091670,286,L16,2023-11-06
+914296431265,+910361689527,219,L12,2025-06-07
+915606858100,+918000827127,649,L12,2024-12-19
+914017332760,+913939091670,812,L14,2025-12-18
05980819939,9968205431,270,L16,2024-12-12
03593874176,09915489126,137,L16,2025-06-12
07455419767,+918000827127,514,L13,2024-10-05
+910209804374,+916719932760,302,L12,2023-02-01
+916260285256,+912588340080,820,L13,2022-08-30
3152821407,01488871984,428,L14,2022-04-04
09915489126,3152821407,222,L13,2022-01-24
+913939091670,08869565908,74,L14,2023-09-23
+911895959995,+915904443371,11,L14,2022-08-22
3992755330,+917106718853,635,L13,2022-03-01
01179039159,05687847033,693,L15,2024-09-08
3152821407,01440281795,498,L15,2022-11-15
05889263786,+916614260755,348,L15,2024-08-05
09926343033,9066248106,538,L16,2023-09-06
+917106718853,+915904443371,553,L13,2022-02-08
02406405843,3992755330,819,L12,2023-12-26
+916632859376,+912164135828,36,L15,2023-11-26
+913970569817,9968205431,589,L15,2025-05-25
01179039159,01513152874,806,L14,2023-09-24
1375513672,06736519594,93,L13,2024-10-14
+918964618370,05687847033,314,L16,2023-03-19
+915904443371,8045261055,808,L13,2022-03-18
+918326713362,+913950966283,30,L16,2024-09-15
5871683548,3992755330,500,L14,2024-12-08
01234666964,01031947165,897,L16,2022-07-21
+917095178482,4454329400,746,L15,2022-03-16
1405174893,+912358454193,123,L14,2022-01-09
05415885644,+913939091670,613,L14,2022-06-28
+912588340080,9066248106,538,L14,2025-09-11
07919785417,07450965646,659,L14,2023-03-06
01179039159,7443478080,550,L15,2023-10-16
+917095178482,06736519594,166,L12,2023-07-15
07919785417,+918624286751,531,L13,2022-07-29
06736519594,3173508138,828,L16,2023-08-04
+918319518275,+911422570088,632,L16,2023-11-25
+913950966283,4454329400,487,L12,2025-10-15
+912693669801,9066248106,441,L13,2024-03-13
1375513672,05889263786,649,L15,2025-11-14
02879227893,+915904443371,842,L16,2023-02-10
+916330394558,2764258363,787,L16,2024-08-11
4454329400,2357251175,720,L12,2024-08-17
+912588340080,+917095178482,732,L15,2024-08-11
+912358454193,+918053048497,377,L13,2024-03-13
+913939091670,03019893024,812,L15,2023-10-28
+914017332760,+911422570088,120,L15,2023-12-21
+912588340080,05738442412,791,L16,2023-12-15
02406405843,+911895959995,420,L14,2022-08-08
+919116217756,+911422570088,314,L15,2024-12-27
00916559505,+914296431265,640,L16,2023-05-15
6791721909,+914017332760,72,L13,2023-11-29
2357251175,03796181062,808,L16,2024-06-10
3152821407,02197084677,246,L12,2022-12-21
7293535159,1375513672,861,L12,2024-09-23
03796181062,+912588340080,573,L15,2022-07-19
05738442412,8388286030,76,L12,2025-05-10
+913939091670,+910502970960,844,L14,2024-02-16
07455419767,03019893024,97,L13,2023-03-22
5937116722,00806911792,656,L13,2022-01-01
03019893024,+912588340080,303,L16,2024-03-09
01858173651,01179039159,702,L14,2023-10-11
+919116217756,+918326713362,316,L14,2024-06-09
+914910168757,+910466990768,631,L15,2024-11-11
+911422570088,5377250541,59,L16,2022-01-02
2357251175,09915489126,886,L12,2023-08-01
+913508081684,1375513672,408,L14,2025-07-04
1375513672,06558860788,450,L13,2025-01-21
03019893024,+914017332760,197,L15,2025-02-11
9968205431,09915489126,432,L14,2022-11-12
01488871984,+917095178482,142,L12,2022-01-24
01440281795,01031947165,503,L15,2025-09-09
+912480543482,+919922495422,145,L15,2025-08-08
+912358454193,2809302877,717,L15,2025-05-22
+918624286751,+912588340080,439,L15,2025-02-04
1405174893,+916719932760,439,L12,2025-05-23
01858173651,9968205431,247,L16,2025-12-29
5285887593,09926343033,595,L12,2024-01-22
09720077636,+919116217756,726,L12,2024-01-25
01858173651,06682596186,86,L16,2022-10-18
05240973068,+912588340080,85,L16,2024-12-07
+916330394558,+912588340080,764,L12,2025-09-21
+917095178482,02197084677,598,L16,2023-10-02
9066248106,3992755330,802,L15,2022-01-23
+912588340080,01970861405,592,L15,2023-11-10
09915489126,09720077636,306,L13,2023-08-16
07396619614,2764258363,772,L16,2023-09-15
+911775319685,01440281795,597,L16,2022-12-13
9066248106,+914910168757,833,L12,2025-07-02
7443478080,+916330394558,522,L14,2022-06-07
05604954282,02879227893,286,L12,2023-06-11
9135330926,07735495506,610,L15,2022-11-06
+918964618370,05738442412,806,L13,2025-12-06
+914017332760,3152821407,887,L14,2022-03-09
+912702862510,3739349217,614,L15,2022-11-12
0909203877,+914296431265,397,L15,2023-05-03
+917106718853,05738442412,596,L12,2023-12-08
01440281795,+910685105885,123,L13,2022-04-18
+912588340080,+914017332760,492,L13,2024-12-26
1405174893,1375513672,490,L13,2023-06-22
+916614260755,9031323230,300,L15,2024-07-08
+917095178482,06682596186,704,L12,2022-03-26
00425079208,01440281795,869,L16,2024-06-03
00425079208,+912358454193,348,L14,2023-07-08
3152821407,08869565908,603,L15,2024-03-12
01234666964,1143445680,756,L16,2025-10-08
+918380599695,+911895959995,698,L13,2025-11-14
+915904443371,07919785417,13,L12,2022-05-20
02528090888,+916614260755,706,L14,2024-07-02
+916719932760,01928977360,202,L12,2022-03-11
+918053048497,9066248106,613,L13,2025-09-06
1793612164,01440281795,730,L12,2022-09-03
9968205431,4454329400,677,L16,2025-08-19
3152821407,05738442412,118,L13,2025-11-25
08869565908,+912588340080,82,L15,2025-08-01
2764258363,6493168362,442,L14,2025-11-18
+910630887425,5315937580,288,L15,2022-05-08
1405174893,03593874176,269,L13,2023-06-27
+913770284193,07455419767,210,L15,2025-06-03
05738442412,07455419767,152,L15,2025-01-12
+916719932760,01440281795,457,L12,2023-06-15
07396619614,+911422570088,750,L15,2023-05-29
07919785417,07455419767,673,L12,2025-08-04
05415885644,03019893024,277,L14,2022-11-07
00806911792,2970858880,532,L15,2025-12-20
+914017332760,5618343531,750,L16,2022-05-24
+916719932760,1405174893,710,L12,2024-09-14
+919116217756,05415885644,372,L14,2023-11-14
00916559505,01440281795,667,L14,2022-07-05
+916614260755,06432369684,87,L14,2024-07-30
01440281795,05738442412,45,L13,2024-02-26
8601129452,1405174893,114,L14,2025-07-15
+914017332760,+910209804374,453,L13,2023-01-24
07396619614,07919785417,612,L15,2023-05-04
1405174893,3152821407,663,L15,2023-09-23
+916614260755,05687847033,465,L12,2022-02-03
+912081240744,5618343531,221,L16,2025-09-01
+912588340080,+917095178482,900,L13,2025-01-03
9135330926,+916719932760,78,L13,2022-03-17
+914017332760,07919785417,638,L13,2022-04-04
+913939091670,4454329400,181,L12,2025-07-19
00806911792,2357251175,104,L16,2024-07-23
05738442412,03796181062,842,L12,2022-08-06
07455419767,3152821407,230,L13,2022-05-10
05980819939,2357251175,760,L15,2025-10-21
+915904443371,+912480543482,594,L13,2025-01-22
+915904443371,3739349217,223,L16,2022-04-04
05738442412,+911422570088,285,L15,2022-10-17
05738442412,+918964618370,173,L13,2024-06-17
09926343033,07396619614,107,L16,2025-07-18
+918964618370,6791721909,503,L12,2022-06-15
07919785417,09926343033,728,L16,2025-08-27
5937116722,5981963708,831,L13,2024-09-01
+910361689527,01440281795,540,L15,2024-07-11
+913467019505,05738442412,713,L16,2022-03-19
05738442412,07455419767,95,L14,2025-07-08
09915489126,07919785417,246,L12,2023-01-29
+912702862510,+912480543482,638,L16,2024-01-12
+911895959995,+912588340080,646,L13,2025-09-12
6493168362,01179039159,820,L15,2022-11-02
07455419767,05738442412,49,L14,2022-04-21
01928977360,9031323230,347,L15,2025-06-17
9066248106,9135330926,555,L13,2022-12-27
3152821407,+914017332760,123,L13,2022-05-26
+912081240744,03796181062,338,L13,2024-05-08
1143445680,3318978217,240,L14,2022-08-14
+916719932760,+913467019505,427,L15,2023-02-14
05889263786,+911422570088,604,L12,2024-09-19
05889263786,01031947165,629,L13,2024-07-20
1405174893,00624939725,742,L14,2023-02-02
+912480543482,+910361689527,135,L16,2022-03-07
+911422570088,00624939725,877,L15,2024-08-11
5981963708,+911153515080,230,L16,2023-08-28
6791721909,3152821407,631,L16,2022-12-15
+916632859376,9968205431,93,L16,2024-04-23
+914017332760,03593874176,610,L15,2024-08-27
6493168362,+918000827127,758,L13,2023-05-21
+915904443371,01858173651,610,L16,2022-11-02
3318978217,5981963708,50,L15,2022-03-24
+918355538922,07455419767,440,L15,2024-12-23
+914017332760,3152821407,846,L15,2022-07-20
07455419767,+916330394558,776,L15,2022-01-26
1793612164,4454329400,307,L12,2023-05-05
07919785417,+917095178482,170,L15,2025-12-11
+912358454193,1143445680,29,L15,2024-07-20
+918380599695,+915580795292,420,L14,2023-01-14
01440281795,1375513672,6,L12,2025-07-08
1405174893,+913939091670,548,L14,2022-03-08
05980819939,06736519594,632,L16,2025-01-15
+916330394558,+917622376190,758,L16,2022-04-23
00860293164,+917095178482,57,L15,2022-08-16
+918964618370,+918053048497,379,L13,2024-01-21
01440281795,1375513672,579,L13,2025-12-23
00624939725,3992755330,557,L15,2022-08-21
7293535159,0909203877,897,L13,2025-12-10
0909203877,+911153515080,333,L14,2023-12-24
07455419767,0992696419,60,L14,2022-05-10
09915489126,+914017332760,544,L15,2022-09-09
1375513672,+917095178482,550,L15,2023-08-22
+918624286751,3152821407,714,L13,2022-05-15
05889263786,+912588340080,87,L13,2024-03-11
7443478080,8388286030,116,L14,2022-12-04
8045261055,3042182703,159,L16,2023-02-23
00743723873,07919785417,431,L16,2025-10-29
07397909442,+912588340080,435,L12,2024-06-28
+914942617974,+911422570088,897,L16,2023-04-21
01440281795,02528090888,356,L14,2025-09-04
+914017332760,03019893024,547,L15,2025-01-28
+912588340080,+919116217756,813,L13,2023-09-20
3152821407,+916719932760,385,L12,2023-08-14
3042182703,01928977360,175,L13,2025-06-20
1375513672,01928977360,184,L13,2025-12-21
05738442412,+916260285256,329,L13,2025-03-22
+913770284193,+918964618370,215,L12,2025-02-25
03019893024,09720077636,156,L15,2024-02-03
02197084677,05738442412,313,L12,2022-09-06
5618343531,07455419767,153,L14,2024-07-27
6791721909,+916632859376,564,L14,2024-11-05
01440281795,02022520672,301,L13,2025-03-20
3152821407,+918000827127,457,L12,2023-11-25
+918355538922,5377250541,147,L16,2025-10-20
01513152874,07919785417,637,L15,2023-03-28
09915489126,+915904443371,627,L13,2025-08-06
+910466990768,+916719932760,790,L13,2023-07-24
07919785417,+916614260755,461,L12,2025-10-18
+912480543482,9960844701,507,L16,2023-10-13
01787502998,3173508138,687,L15,2024-01-10
3042182703,9968205431,383,L14,2024-03-01
07919785417,09915489126,320,L16,2024-07-01
+916330394558,+918000827127,459,L15,2024-05-01
7443478080,3152821407,439,L13,2024-04-28
05687847033,03245201232,152,L14,2023-03-02
+914017332760,+912358454193,348,L16,2022-05-16
+910685105885,+916330394558,424,L14,2025-08-01
+914296431265,+919116217756,732,L13,2025-03-09
01179039159,05687847033,301,L15,2025-02-08
9066248106,05687847033,859,L14,2025-04-13
07455419767,7293535159,234,L12,2022-02-24
5871683548,8601129452,660,L15,2025-07-27
09326585587,03019893024,299,L13,2024-05-04
07455419767,+913939091670,255,L12,2022-02-28
+917562745092,07455419767,73,L14,2025-05-11
01858173651,+919116217756,894,L15,2023-06-13
+912480543482,2357251175,387,L16,2024-11-15
07919785417,+910630887425,600,L13,2022-04-30
+915904443371,+914344639907,143,L13,2024-01-02
9066248106,+918964618370,656,L12,2023-12-31
+914942617974,+916614260755,83,L13,2024-11-18
+916524643328,05738442412,101,L13,2025-05-11
02197084677,+912358454193,851,L14,2025-11-03
06736519594,+913939091670,376,L16,2022-07-16
01858173651,2357251175,18,L16,2022-10-08
+912164135828,05240973068,426,L13,2023-11-28
+910402533516,5871683548,231,L16,2023-01-21
09964165538,05687847033,543,L16,2024-12-25
1375513672,3152821407,432,L12,2024-08-01
01513152874,4454329400,22,L14,2024-09-09
+915904443371,+918964618370,841,L16,2024-06-24
+916614260755,+916632859376,181,L14,2025-12-24
07396619614,2357251175,232,L13,2022-09-21
+913939091670,+915904443371,219,L12,2022-09-24
0992696419,+917562745092,119,L12,2022-06-09
01234666964,07450965646,48,L12,2023-02-07
07396619614,03019893024,612,L15,2022-05-02
+916260285256,05604954282,72,L12,2023-09-10
+910685105885,5315937580,621,L16,2023-02-25
5377250541,05738442412,364,L12,2022-03-01
01031947165,3642506870,289,L14,2025-04-02
09915489126,9968205431,804,L13,2025-06-09
07455419767,+911422570088,844,L12,2025-03-30
+916614260755,1375513672,293,L16,2022-12-18
07919785417,+917106718853,224,L15,2024-10-29
+918964618370,6506161068,455,L12,2025-10-11
05738442412,09915489126,393,L13,2024-05-18
+911895959995,06558860788,784,L12,2023-10-06
+912588340080,+911895959995,512,L14,2024-01-10
+919116217756,07396619614,340,L12,2024-10-08
1405174893,+912588340080,758,L15,2023-10-01
+916719932760,06558860788,880,L13,2024-05-26
9968205431,2809302877,826,L14,2024-09-01
05738442412,01488871984,508,L12,2025-10-08
2588421589,+911895959995,697,L12,2022-06-24
01031947165,00916559505,609,L13,2022-07-28
+911422570088,+912480543482,351,L16,2023-02-15
9968205431,5618343531,243,L15,2024-05-19
6493168362,1375513672,600,L14,2025-04-30
+910685105885,3152821407,414,L15,2023-12-31
03019893024,1793612164,501,L14,2024-11-13
3042182703,+912588340080,130,L15,2023-05-29
07455419767,01440281795,142,L12,2022-03-02
7293535159,05687847033,515,L12,2025-10-20
6563606777,1405174893,700,L13,2023-11-01
+915904443371,+918624286751,783,L16,2022-06-06
+916524643328,3152821407,211,L15,2023-08-25
+914017332760,+911775319685,356,L16,2025-01-12
07919785417,+917562745092,445,L15,2022-09-01
+912588340080,9968205431,458,L12,2024-07-30
07396619614,+919116217756,886,L13,2023-09-13
07455419767,+919922495422,737,L15,2024-03-07
+917562745092,+919116217756,507,L16,2025-09-13
+913939091670,2970858880,492,L13,2025-02-25
+911895959995,1405174893,511,L15,2025-04-25
+918053048497,09915489126,296,L12,2023-10-19
07396619614,9066248106,862,L14,2024-01-21
2357251175,+910466990768,788,L14,2025-07-04
1405174893,05980819939,370,L14,2024-04-23
9066248106,+918319518275,245,L14,2025-08-20
03796181062,9658829813,72,L12,2023-09-17
3992755330,07919785417,338,L15,2022-03-18
03019893024,0992696419,532,L14,2024-05-12
07919785417,+912588340080,27,L15,2023-10-11
+919116217756,+915904443371,105,L12,2024-09-27
+913939091670,+910361689527,513,L14,2024-10-26
05738442412,8601129452,451,L15,2023-02-18
01440281795,+912480543482,82,L13,2025-01-02
7443478080,9066248106,592,L13,2024-04-03
+913970569817,06432369684,739,L12,2025-03-30
03796181062,+916947239687,585,L15,2024-12-23
05980819939,09915489126,83,L14,2025-08-27
07455419767,8601129452,684,L14,2025-01-10
01179039159,00916559505,644,L15,2024-11-21
+917095178482,02197084677,24,L16,2025-07-09
+912358454193,02406405843,223,L15,2025-09-15
5285887593,01440281795,833,L15,2025-06-12
05415885644,+917106718853,66,L13,2024-12-05
+918964618370,3042182703,159,L14,2025-11-04
9968205431,02528090888,885,L13,2022-05-12
9968205431,5285887593,298,L13,2025-08-16
08869565908,07735495506,420,L12,2023-05-04
05901183152,07396619614,821,L15,2023-09-28
+914017332760,+914910168757,437,L12,2025-08-17
+910361689527,06736519594,34,L14,2023-06-14
03019893024,05738442412,877,L15,2022-03-28
5315937580,9066248106,90,L16,2023-10-05
02022520672,+911422570088,421,L12,2024-01-15
2588421589,05687847033,867,L13,2022-10-15
8045261055,5554619979,128,L16,2024-12-04
1793612164,07397909442,262,L12,2024-10-13
+913467019505,8512139853,831,L14,2023-10-04
05687847033,7293535159,830,L15,2023-04-29
+916719932760,+912693669801,224,L15,2023-07-17
06558860788,+912358454193,62,L16,2024-10-01
+918964618370,1793612164,329,L15,2025-01-22
+914017332760,+918319518275,289,L14,2022-10-24
+914017332760,+918964618370,320,L16,2022-02-13
07396619614,7293535159,823,L13,2022-04-22
05604954282,1405174893,659,L14,2025-12-05
00806911792,+913939091670,552,L15,2023-04-30
1405174893,9658829813,407,L14,2023-06-08
+916330394558,2357251175,246,L13,2023-09-02
+912358454193,05738442412,454,L14,2025-07-17
+914344639907,+916524643328,421,L14,2022-03-11
+912358454193,2357251175,508,L15,2024-08-22
09926343033,3992755330,437,L13,2022-07-25
+913939091670,07455419767,365,L16,2024-05-11
+918000827127,02197084677,339,L12,2024-07-17
+911153515080,01440281795,193,L15,2025-07-14
3152821407,+919922495422,415,L14,2023-02-14
+915904443371,+916330394558,166,L16,2023-05-27
1375513672,+916524643328,669,L16,2022-09-24
+913939091670,3152821407,332,L15,2024-07-13
+915580795292,+919922495422,182,L16,2025-11-08
05687847033,3152821407,208,L15,2022-06-22
+918964618370,9960844701,391,L13,2025-03-14
+919116217756,09964165538,239,L15,2022-07-02
01179039159,+913939091670,177,L15,2022-04-12
+918053048497,03245201232,157,L14,2022-07-02
05738442412,+919116217756,19,L15,2024-12-12
01234666964,09926343033,852,L15,2025-10-11
+916260285256,1375513672,200,L14,2023-06-30
3642506870,1405174893,446,L16,2023-02-28
+910361689527,2357251175,749,L13,2025-10-18
5981963708,06558860788,154,L14,2022-02-28
+912480543482,+913508081684,466,L14,2023-05-24
+910466990768,01440281795,92,L15,2022-01-22
+919922495422,+915904443371,714,L13,2024-03-25
5554619979,08869565908,102,L12,2025-02-14
9066248106,07397909442,487,L16,2023-12-27
7352778763,3739349217,617,L12,2025-12-24
07919785417,07455419767,395,L15,2023-09-12
+917095178482,4454329400,577,L16,2022-03-26
07455419767,3992755330,484,L12,2022-09-28
+915904443371,+916614260755,150,L12,2023-06-18
+915904443371,09720077636,516,L14,2023-07-30
09926343033,01928977360,274,L14,2025-06-09
+911895959995,5389320020,173,L15,2023-10-09
+917562745092,05901183152,878,L15,2025-09-08
9066248106,3042182703,240,L12,2023-01-11
+912588340080,05738442412,483,L12,2024-06-12
03593874176,09926343033,46,L14,2024-06-23
+913279774365,+919116217756,473,L12,2024-10-06
9968205431,+912358454193,131,L12,2023-12-17
+910361689527,01928977360,859,L16,2022-12-11
2357251175,+919116217756,684,L13,2025-04-14
+910466990768,6563606777,543,L13,2025-03-14
5981963708,+916330394558,791,L12,2024-10-17
5937116722,07919785417,702,L12,2025-10-25
9960844701,6506161068,113,L13,2023-10-25
07396619614,+912588340080,729,L15,2025-09-12
+912588340080,8388286030,613,L12,2025-09-09
3992755330,9066248106,642,L14,2024-07-16
00860293164,01488871984,821,L13,2025-03-11
+910361689527,9066248106,664,L14,2023-08-03
3152821407,3642506870,565,L15,2025-05-18
+910218648716,08869565908,250,L12,2024-03-27
07919785417,+910361689527,402,L14,2024-04-04
01440281795,00743723873,162,L14,2022-09-04
07455419767,9031323230,830,L16,2023-09-28
4454329400,03019893024,857,L16,2024-01-23
01179039159,1754627811,402,L14,2024-09-02
+919116217756,0992696419,779,L14,2024-05-15
02879227893,9031323230,441,L12,2022-07-10
+911895959995,6563606777,697,L13,2023-04-05
07397909442,+916614260755,667,L12,2024-12-10
+914942617974,5389320020,825,L14,2024-09-05
3042182703,00220117690,312,L16,2023-05-25
05980819939,+919116217756,569,L12,2022-06-06
+914296431265,+912588340080,742,L14,2025-03-10
09915489126,0646320864,792,L12,2024-10-28
01513152874,03019893024,188,L15,2023-01-09
9066248106,5981963708,726,L14,2023-09-02
0646320864,+912588340080,691,L16,2024-07-10
3152821407,3992755330,897,L13,2023-01-19
01179039159,1143445680,623,L12,2023-06-16
9031323230,07919785417,409,L12,2022-08-27
05738442412,+914017332760,713,L16,2024-04-09
+917106718853,+915904443371,837,L14,2025-06-17
+913939091670,06682596186,696,L14,2024-03-19
+916330394558,+919922495422,200,L12,2022-08-18
+913939091670,01179039159,32,L15,2023-03-05
5389320020,+913970569817,813,L13,2025-01-08
+916330394558,+918380599695,156,L15,2024-08-28
07919785417,05738442412,161,L15,2025-12-09
06682596186,+912588340080,885,L16,2024-07-09
2991323347,+915301936643,854,L12,2024-03-13
3992755330,+910402533516,872,L15,2025-12-31
09720077636,9968205431,759,L16,2025-03-31
+918355538922,01488871984,42,L15,2024-09-25
+914017332760,03796181062,631,L15,2025-10-21
+916719932760,+911422570088,24,L16,2024-05-14
+915904443371,+911422570088,668,L15,2024-05-04
+916260285256,+918624286751,666,L15,2023-12-12
+913939091670,07919785417,299,L15,2023-01-29
3992755330,+916719932760,229,L14,2025-04-18
+911278666421,9968205431,737,L15,2025-09-07
4454329400,+915301936643,733,L15,2024-03-10
05687847033,+917095178482,757,L15,2024-01-08
3152821407,9968205431,641,L14,2023-03-01
+913939091670,+916330394558,499,L13,2022-09-22
01179039159,01787502998,108,L15,2024-05-01
+915904443371,+910361689527,53,L14,2022-02-07
+917622376190,09915489126,167,L16,2022-12-24
07396619614,+911422570088,445,L16,2022-08-22
+916719932760,+919116217756,503,L14,2023-06-13
3152821407,+916524643328,793,L14,2025-02-14
3318978217,9968205431,899,L16,2024-11-21
+917095178482,1375513672,453,L12,2024-07-25
+912480543482,5315937580,629,L16,2022-07-28
07396619614,+912693669801,650,L13,2022-08-30
9658829813,6791721909,304,L15,2025-12-21
+911153515080,07455419767,896,L13,2022-07-23
01440281795,3992755330,146,L13,2022-09-09
+913770284193,5981963708,792,L13,2022-01-14
05687847033,+912588340080,298,L13,2024-10-31
+916330394558,+918964618370,777,L14,2024-04-29
01440281795,+918319518275,776,L15,2024-12-20
3152821407,00624939725,444,L15,2024-04-26
3318978217,00743723873,533,L14,2025-10-29
3173508138,+913950966283,793,L16,2022-01-21
3173508138,+916330394558,327,L13,2024-04-02
9031323230,9960844701,42,L13,2025-09-14
5377250541,9066248106,651,L16,2025-12-31
6563606777,5797940050,702,L16,2025-12-06
+915580795292,+912081240744,326,L12,2023-12-06
05687847033,5377250541,630,L15,2022-10-28
1754627811,+910361689527,562,L16,2025-07-02
01440281795,+913939091670,836,L15,2025-08-21
01234666964,+917622376190,91,L16,2022-03-17
3992755330,+917106718853,762,L16,2022-09-16
+914910168757,01928977360,100,L16,2024-11-13
+915904443371,3992755330,655,L12,2022-11-24
07396619614,3152821407,611,L13,2023-06-14
05687847033,+915904443371,437,L12,2024-10-31
+918355538922,9968205431,270,L16,2025-07-08
09915489126,9066248106,671,L15,2022-09-13
02022520672,5554619979,469,L13,2023-11-26
3152821407,+913279774365,584,L16,2025-07-09
9968205431,+913508081684,311,L16,2023-08-06
+917095178482,1375513672,537,L12,2023-05-23
+915904443371,+910466990768,847,L15,2024-01-10
+911826217300,1375513672,853,L12,2024-04-23
+910218648716,0992696419,138,L13,2024-09-02
1754627811,+918964618370,543,L16,2024-04-04
+919116217756,05240973068,897,L16,2023-06-25
07455419767,0992696419,455,L15,2025-11-12
+918355538922,5981963708,171,L16,2022-10-23
00220117690,1375513672,137,L16,2025-12-13
+912358454193,+916260285256,222,L15,2024-07-21
07396619614,6791721909,577,L12,2024-01-27
07735495506,06558860788,128,L16,2024-01-27
+914942617974,+916614260755,125,L14,2024-01-31
+914910168757,+915904443371,502,L13,2022-02-27
7291389047,6506161068,54,L14,2023-09-17
+910361689527,2357251175,505,L12,2022-01-05
02197084677,+911422570088,50,L15,2024-05-05
2970858880,+919116217756,350,L15,2024-02-12
4454329400,00624939725,656,L15,2024-08-01
03019893024,3042182703,750,L12,2023-10-29
3152821407,03019893024,424,L13,2024-03-04
5377250541,3992755330,51,L15,2025-10-05
5554619979,01440281795,891,L12,2022-12-06
2970858880,3152821407,729,L16,2023-09-25
+916330394558,8388286030,559,L12,2025-03-27
8388286030,+911895959995,773,L16,2024-09-01
3318978217,8512139853,549,L12,2023-01-04
+916947239687,+910361689527,854,L16,2025-12-16
+913950966283,3152821407,626,L15,2023-10-19
6506161068,07455419767,28,L15,2023-11-28
05738442412,07919785417,545,L15,2023-10-12
+910630887425,01513152874,106,L13,2025-01-14
01928977360,05738442412,791,L13,2022-07-03
+915904443371,06558860788,178,L16,2022-05-01
06682596186,05738442412,735,L14,2022-04-30
1405174893,+915904443371,427,L14,2023-10-26
+918964618370,05687847033,128,L13,2022-04-17
+913467019505,+910502970960,247,L16,2024-10-06
0909203877,1405174893,122,L12,2023-07-06
+915904443371,02197084677,72,L12,2024-09-18
06558860788,+916719932760,24,L16,2023-07-06
06682596186,+917095178482,257,L13,2025-02-10
+915904443371,06558860788,90,L16,2025-07-26
+910361689527,+916632859376,387,L13,2025-01-11
5315937580,+916614260755,438,L15,2025-02-10
07396619614,2357251175,854,L14,2025-06-25
03019893024,05738442412,66,L14,2024-09-14
03245201232,05687847033,394,L13,2023-12-21
0646320864,+911895959995,51,L16,2022-11-27
+919116217756,8601129452,409,L12,2025-12-01
05687847033,+917106718853,291,L13,2024-06-03
09964165538,8388286030,330,L14,2025-10-28
01440281795,09720077636,729,L14,2024-07-16
+918319518275,+911377204389,354,L15,2023-03-08
06432369684,3992755330,713,L12,2022-10-01
09649796664,07919785417,14,L13,2025-10-09
+914296431265,2809302877,725,L15,2024-09-28
+916614260755,3152821407,669,L12,2025-08-26
+916614260755,05889263786,840,L15,2025-10-07
+917095178482,09915489126,837,L16,2024-02-10
09915489126,05738442412,791,L12,2025-11-28
09326585587,+918964618370,202,L12,2024-06-29
+916719932760,07919785417,292,L14,2025-10-25
01179039159,2357251175,645,L13,2023-09-13
+913508081684,07455419767,376,L14,2022-03-17
07455419767,1375513672,625,L12,2023-03-05
01179039159,2357251175,410,L14,2022-08-16
+919116217756,07455419767,570,L16,2023-02-01
+917095178482,07735495506,184,L16,2022-05-14
00220117690,+911422570088,270,L13,2025-03-13
+917622376190,+918000827127,285,L12,2023-01-28
+914910168757,+913939091670,550,L14,2025-06-12
+917095178482,+917622376190,7,L12,2024-05-24
9968205431,+915904443371,869,L14,2024-04-13
8512139853,+911895959995,512,L16,2024-01-11
07450965646,+910209804374,234,L14,2022-04-07
00425079208,+916614260755,328,L15,2022-01-11
01179039159,+916330394558,590,L13,2022-02-21
09720077636,0992696419,81,L13,2023-05-27
05738442412,+915904443371,646,L12,2025-07-04
07396619614,9031323230,29,L14,2025-04-28
05687847033,8542099590,489,L14,2023-05-04
05687847033,2357251175,537,L12,2023-04-30
01234666964,+918053048497,787,L15,2022-07-15
01858173651,+916330394558,67,L15,2022-03-10
+915904443371,9968205431,71,L12,2022-09-19
+911278666421,+913950966283,313,L15,2025-06-04
+911422570088,+917095178482,577,L14,2022-04-17
9968205431,00916559505,637,L13,2024-04-21
+912358454193,3152821407,643,L15,2022-01-22
1405174893,3152821407,640,L12,2025-06-22
3992755330,7805346187,806,L15,2022-02-23
+911895959995,6506161068,115,L12,2022-07-30
+910502970960,+911422570088,813,L16,2023-02-01
09326585587,+911895959995,368,L15,2024-05-12
+917106718853,+913950966283,253,L12,2022-10-09
+911422570088,+915904443371,451,L14,2024-11-16
+915904443371,+910209804374,799,L13,2022-10-26
+912588340080,07735495506,303,L12,2024-01-26
+911895959995,03019893024,153,L13,2022-04-28
+911895959995,05687847033,884,L15,2022-04-22
3992755330,+912480543482,660,L12,2023-02-17
3992755330,03019893024,716,L15,2025-11-17
03245201232,3992755330,597,L14,2025-03-05
02879227893,5981963708,171,L15,2022-08-03
+915580795292,9658829813,512,L12,2023-03-26
01440281795,+913939091670,482,L13,2025-07-01
+913467019505,5554619979,839,L15,2023-11-10
+910361689527,05738442412,11,L12,2024-01-14
+911422570088,07396619614,122,L14,2022-10-19
+913770284193,01440281795,788,L12,2024-01-08
+912480543482,01179039159,295,L13,2022-12-23
+910209804374,+912040965640,352,L13,2025-02-09
05738442412,07919785417,868,L12,2023-06-21
07919785417,+917095178482,393,L12,2025-09-03
3992755330,+910361689527,472,L14,2023-05-07
2357251175,03019893024,544,L15,2025-06-30
+914344639907,+911422570088,152,L13,2022-09-25
01179039159,1405174893,388,L16,2023-10-14
07104463104,01440281795,52,L16,2025-06-15
01179039159,+916614260755,813,L14,2022-11-01
8542099590,01440281795,291,L16,2022-09-16
+916632859376,+910209804374,219,L15,2022-06-16
3152821407,02879227893,176,L15,2024-11-07
0909203877,01440281795,526,L15,2024-02-06
+911895959995,05738442412,734,L16,2024-02-05
+913939091670,1375513672,511,L14,2024-08-28
+910466990768,01440281795,814,L12,2025-04-10
+910361689527,2809302877,467,L15,2023-04-26
+916719932760,0992696419,391,L13,2025-03-16
7805346187,+918964618370,568,L13,2022-06-23
0909203877,+915301936643,536,L13,2023-12-22
+910466990768,+912588340080,641,L15,2023-11-20
+912588340080,9031323230,381,L14,2024-10-15
+916947239687,07919785417,457,L14,2023-04-24
01440281795,09915489126,89,L16,2023-08-27
+911895959995,01440281795,809,L13,2023-07-21
+911826217300,+911422570088,44,L13,2025-01-23
3992755330,+917095178482,261,L14,2023-09-12
01179039159,01787502998,146,L14,2025-01-17
07919785417,8601129452,847,L15,2023-12-11
00860293164,2357251175,780,L12,2025-09-04
+912588340080,+911895959995,784,L15,2022-11-02
+916719932760,+912081240744,219,L13,2024-08-29
+911895959995,3152821407,780,L15,2024-08-17
3992755330,+916330394558,871,L15,2023-01-20
+918380599695,+913939091670,219,L15,2024-06-17
9968205431,07396619614,147,L13,2025-03-28
+915904443371,7293535159,516,L14,2025-09-11
3992755330,5797940050,707,L16,2024-04-06
8601129452,0646320864,586,L13,2022-03-07
5871683548,00743723873,343,L16,2025-03-09
+918326713362,2970858880,405,L13,2024-02-20
1793612164,+911422570088,400,L15,2023-01-21
+915606858100,+919116217756,467,L14,2025-08-01
+910218648716,+912693669801,571,L12,2022-12-30
05687847033,07735495506,32,L13,2023-01-18
+911422570088,06682596186,295,L13,2023-02-26
+914942617974,+916614260755,470,L14,2022-04-28
+911895959995,05738442412,885,L15,2024-04-21
6791721909,8045261055,554,L15,2024-05-06
9135330926,1405174893,891,L13,2023-02-27
+912358454193,+915904443371,842,L15,2025-12-24
6791721909,02406405843,322,L13,2025-04-18
07455419767,+917095178482,287,L12,2023-02-18
+914910168757,1754627811,849,L16,2024-03-28
3152821407,+916614260755,587,L15,2024-10-02
+912588340080,07396619614,98,L15,2023-08-13
09915489126,9968205431,816,L15,2023-09-02
09964165538,2357251175,184,L13,2024-04-30
05738442412,+918053048497,447,L15,2024-07-26
9658829813,05738442412,587,L15,2022-07-15
+913939091670,9066248106,896,L14,2022-11-20
+917622376190,+916614260755,687,L13,2022-05-17
01970861405,02528090888,785,L12,2025-02-06
03593874176,+916330394558,112,L14,2024-10-30
02528090888,05738442412,217,L12,2024-11-02
+912588340080,+911422570088,716,L15,2025-10-15
1405174893,3642506870,881,L15,2023-02-03
07396619614,05604954282,731,L14,2022-10-07
+917095178482,+912588340080,477,L12,2022-05-20
02197084677,2991323347,453,L15,2022-10-15
2357251175,9968205431,179,L16,2022-02-06
+911826217300,+915301936643,552,L13,2024-03-11
+916330394558,+917562745092,698,L13,2023-07-14
+913770284193,05738442412,736,L16,2022-03-12
+910361689527,+913939091670,861,L16,2025-07-24
01440281795,1375513672,110,L14,2024-03-10
+913950966283,03245201232,54,L13,2024-02-12
07397909442,+918964618370,249,L12,2023-02-14
07919785417,07396619614,19,L13,2023-11-22
+917095178482,+911422570088,103,L13,2025-09-22
+912081240744,9066248106,529,L14,2022-08-09
+915904443371,01440281795,644,L16,2023-03-01
9960844701,05980819939,242,L12,2023-03-14
09915489126,05738442412,416,L14,2025-09-01
07919785417,+910361689527,230,L14,2022-05-16
01440281795,+918964618370,73,L15,2023-03-24
8601129452,03245201232,109,L16,2025-12-30
3152821407,2764258363,587,L14,2022-12-18
06432369684,03245201232,651,L15,2025-11-27
+917095178482,6563606777,715,L14,2022-09-30
05738442412,+911153515080,709,L15,2023-10-14
+911422570088,07919785417,604,L15,2024-07-08
+911895959995,9135330926,520,L12,2025-04-18
+916719932760,02879227893,132,L13,2023-09-25
7293535159,07450965646,639,L12,2022-06-12
00624939725,07455419767,211,L15,2022-11-07
+910361689527,07396619614,747,L15,2025-05-09
7293535159,3992755330,289,L12,2023-10-13
+911895959995,09720077636,668,L12,2023-08-14
+916719932760,+918355538922,355,L13,2023-05-12
02197084677,01970861405,685,L13,2023-05-24
09649796664,1405174893,334,L15,2023-01-11
01440281795,+911422570088,508,L13,2022-05-24
9066248106,+914910168757,214,L12,2022-09-15
05738442412,02197084677,819,L13,2023-02-23
+911895959995,05980819939,483,L13,2023-09-30
+912081240744,+918319518275,185,L13,2025-05-25
+915904443371,02406405843,655,L14,2023-02-17
+912358454193,+914017332760,373,L15,2024-03-26
05738442412,+913770284193,522,L15,2025-06-02
+911153515080,2357251175,817,L12,2024-09-14
+911153515080,05980819939,90,L16,2023-09-07
+916614260755,02197084677,184,L15,2023-06-11
+918964618370,01787502998,78,L13,2023-11-14
1375513672,01179039159,199,L12,2022-01-09
+912358454193,+918000827127,388,L15,2024-10-03
09926343033,7352778763,765,L15,2024-02-04
+914017332760,01440281795,607,L15,2022-05-26
+910209804374,+914910168757,132,L16,2024-02-28
05738442412,+911153515080,266,L16,2023-12-15
1375513672,01440281795,382,L12,2025-11-27
01440281795,09926343033,758,L13,2023-05-21
+914017332760,+911278666421,375,L12,2025-07-16
+913939091670,01440281795,272,L15,2025-05-24
3173508138,3042182703,258,L16,2025-05-18
00743723873,9968205431,17,L12,2022-08-28
01440281795,00425079208,412,L16,2025-12-17
+912480543482,+916330394558,198,L13,2024-05-16
05687847033,05604954282,314,L16,2024-10-22
03019893024,1405174893,320,L12,2024-04-22
+915606858100,2970858880,821,L13,2023-12-07
5285887593,+910361689527,771,L14,2024-03-26
07919785417,05738442412,508,L12,2022-01-04
+911422570088,+913939091670,542,L14,2024-05-03
+918355538922,05738442412,388,L13,2023-01-17
01179039159,05738442412,117,L16,2024-07-11
2357251175,01179039159,65,L13,2023-01-10
+910630887425,5377250541,423,L16,2024-06-21
+915606858100,01440281795,86,L12,2023-08-24
1405174893,6493168362,355,L16,2022-03-02
+913508081684,+914017332760,783,L12,2022-07-26
+911422570088,0909203877,12,L16,2025-09-24
3152821407,07396619614,221,L12,2024-12-05
+918964618370,+911895959995,784,L15,2023-06-29
+912588340080,3992755330,444,L14,2023-11-21
+917095178482,3992755330,327,L14,2023-05-06
03019893024,1405174893,63,L14,2023-12-31
3152821407,07919785417,896,L15,2025-12-01
+917106718853,5937116722,147,L16,2022-02-22
8512139853,+916614260755,721,L14,2023-05-25
+912588340080,+913939091670,895,L16,2024-08-31
+914296431265,01179039159,658,L12,2023-10-22
01440281795,+915580795292,831,L15,2023-10-29
+916719932760,+914017332760,761,L12,2025-06-08
09915489126,7352778763,492,L12,2025-09-10
5554619979,+915301936643,204,L13,2025-12-29
+912358454193,+915580795292,808,L12,2024-10-30
00220117690,3152821407,313,L16,2025-10-10
+913279774365,+912588340080,461,L15,2022-08-25
03019893024,2991323347,221,L12,2022-12-16
+912693669801,+914910168757,34,L14,2022-11-25
00806911792,+916524643328,230,L15,2023-06-12
00743723873,+917095178482,686,L16,2022-10-06
01440281795,07455419767,819,L14,2025-11-17
+912358454193,07397909442,789,L12,2025-05-15
01440281795,1405174893,739,L16,2024-02-21
3739349217,5389320020,243,L14,2023-04-03
01513152874,+916330394558,96,L16,2023-11-28
7805346187,3642506870,123,L14,2025-03-19
00220117690,+915904443371,394,L12,2025-03-27
+915904443371,6506161068,199,L15,2024-03-05
+915904443371,+918964618370,700,L16,2022-09-16
03019893024,6506161068,114,L12,2024-03-20
+916614260755,+912588340080,153,L13,2023-08-31
07455419767,+912588340080,620,L13,2023-08-04
1143445680,9968205431,852,L12,2025-12-10
03245201232,+915904443371,710,L14,2022-09-10
01488871984,1375513672,494,L13,2025-07-16
07455419767,1375513672,390,L14,2022-05-01
5871683548,1375513672,873,L12,2023-04-06
2764258363,05240973068,882,L15,2024-09-25
8601129452,2357251175,873,L12,2022-11-23
02197084677,3992755330,699,L14,2024-08-27
07450965646,1405174893,545,L14,2023-08-03
+913939091670,01179039159,881,L15,2025-01-27
3241204431,+915904443371,815,L12,2025-04-03
9968205431,1375513672,473,L13,2025-09-02
02406405843,+913950966283,499,L13,2023-08-20
+910361689527,3152821407,205,L12,2025-08-26
+918964618370,9968205431,109,L13,2025-10-21
+918964618370,+911377204389,700,L12,2022-12-11
3241204431,+912480543482,188,L12,2022-04-18
09720077636,01440281795,612,L13,2024-06-07
01440281795,5618343531,39,L13,2022-09-01
2588421589,+915904443371,615,L15,2022-12-20
01234666964,+914910168757,691,L12,2025-09-10
05240973068,+912358454193,670,L14,2024-02-22
01440281795,1754627811,16,L12,2022-09-03
+916330394558,+914017332760,689,L13,2024-11-09
07919785417,2970858880,591,L14,2024-09-09
+913939091670,3241204431,612,L15,2023-01-06
+914017332760,01440281795,449,L16,2023-09-04
09326585587,+915904443371,735,L13,2025-01-05
5618343531,+913939091670,408,L16,2025-02-12
3152821407,+916614260755,70,L16,2024-11-28
02197084677,2357251175,672,L13,2022-09-12
3739349217,3318978217,190,L13,2025-05-11
07919785417,1754627811,326,L12,2022-09-09
00220117690,+910361689527,170,L16,2022-06-29
+910630887425,0909203877,91,L16,2022-09-13
02022520672,3739349217,180,L12,2024-05-16
8542099590,9066248106,536,L16,2023-08-24
1754627811,02406405843,716,L16,2023-10-03
9658829813,01488871984,625,L16,2025-01-07
+910361689527,+911826217300,844,L13,2022-04-02
07396619614,7291389047,881,L13,2023-03-17
07735495506,+910361689527,372,L13,2023-07-23
+918000827127,5797940050,568,L14,2023-06-07
1405174893,00806911792,414,L12,2024-07-23
3173508138,+917095178482,716,L16,2022-10-21
+910361689527,01440281795,280,L13,2025-07-20
1375513672,+919116217756,668,L16,2024-11-13
05738442412,2357251175,328,L15,2024-06-07
07919785417,07735495506,84,L12,2023-07-08
+916614260755,+917095178482,421,L14,2022-05-16
01440281795,+918964618370,346,L13,2023-07-14
+912358454193,+916719932760,15,L15,2022-07-20
09720077636,+916719932760,112,L13,2022-09-10
+916614260755,+915580795292,607,L12,2024-09-29
+916614260755,+913939091670,891,L16,2023-08-01
06736519594,+911826217300,54,L14,2022-12-16
00860293164,1405174893,358,L16,2025-10-20
02197084677,+917622376190,417,L16,2024-09-03
00220117690,07919785417,530,L13,2025-12-31
03019893024,7291389047,586,L12,2023-07-02
00425079208,01440281795,384,L13,2025-12-19
+917095178482,5981963708,473,L15,2023-01-10
+912702862510,3152821407,519,L14,2023-08-11
00743723873,+911895959995,740,L14,2023-04-14
01440281795,+916330394558,317,L14,2024-04-12
9968205431,01440281795,83,L12,2023-05-07
05738442412,9066248106,766,L16,2023-08-09
07397909442,3152821407,15,L16,2024-05-18
05415885644,00624939725,514,L16,2024-11-20
+913939091670,5618343531,636,L12,2023-01-25
1143445680,+918319518275,761,L16,2025-09-16
+917095178482,9066248106,464,L16,2022-12-12
00806911792,05738442412,380,L16,2022-10-01
09915489126,9066248106,512,L13,2024-02-16
+918964618370,8045261055,700,L16,2023-05-27
9968205431,+912358454193,302,L15,2023-09-05
+915301936643,+910361689527,760,L16,2025-07-16
9960844701,2764258363,663,L12,2024-11-21
7805346187,05889263786,873,L12,2024-09-26
09915489126,02879227893,341,L14,2023-09-04
+915606858100,09915489126,744,L15,2023-01-17
09915489126,+910402533516,508,L12,2023-02-09
+916614260755,3318978217,425,L15,2022-09-11
07919785417,+916524643328,261,L15,2023-04-09
9960844701,8601129452,443,L16,2023-01-09
2357251175,+915606858100,454,L15,2025-09-06
05738442412,09915489126,449,L14,2022-01-12
+910209804374,1375513672,118,L14,2023-01-24
07396619614,9960844701,766,L12,2023-11-10
05738442412,01179039159,495,L14,2025-09-24
+916260285256,+914017332760,512,L13,2025-10-28
+915904443371,+917562745092,414,L15,2024-10-24
4454329400,8388286030,816,L13,2022-02-13
5871683548,07455419767,790,L13,2025-11-02
9066248106,05687847033,444,L12,2025-05-07
9031323230,+914942617974,502,L15,2022-06-19
8542099590,05901183152,528,L13,2023-01-18
+912164135828,01513152874,274,L13,2025-12-06
03019893024,07104463104,490,L12,2025-12-17
+913939091670,07455419767,190,L16,2023-01-22
01440281795,3042182703,128,L15,2022-09-28
07396619614,+914910168757,154,L12,2024-05-23
02879227893,+910218648716,57,L15,2024-02-18
+916614260755,+913939091670,241,L14,2023-03-31
05980819939,+911422570088,442,L12,2025-08-11
+915904443371,5285887593,292,L15,2023-12-20
8542099590,2809302877,191,L12,2022-03-25
9066248106,3642506870,222,L15,2023-08-08
+912164135828,01787502998,446,L14,2023-01-14
1793612164,+918964618370,316,L12,2022-08-17
+918380599695,4454329400,374,L16,2024-01-11
+916614260755,+918964618370,670,L13,2023-07-20
+910466990768,+916330394558,113,L16,2022-09-25
8512139853,0646320864,675,L13,2023-01-26
1375513672,09926343033,81,L16,2025-01-24
3992755330,+917106718853,784,L16,2023-02-18
+912040965640,9066248106,201,L16,2024-05-06
1375513672,05889263786,782,L14,2025-02-21
2809302877,+912588340080,739,L15,2022-08-29
+911422570088,5797940050,520,L13,2022-02-14
03245201232,+913939091670,137,L12,2023-08-17
8388286030,+911422570088,715,L15,2023-01-25
07455419767,+916614260755,530,L13,2022-06-03
5389320020,+911895959995,580,L15,2024-03-10
09649796664,+910361689527,8,L16,2022-11-24
+916719932760,+913939091670,814,L15,2024-11-16
07455419767,+912040965640,270,L13,2023-09-14
02022520672,5285887593,126,L13,2022-12-17
9066248106,+913467019505,45,L13,2025-08-02
3173508138,6493168362,141,L12,2023-07-08
01440281795,8542099590,848,L16,2023-03-07
01513152874,01440281795,652,L14,2025-05-24
+915904443371,00860293164,567,L13,2023-06-25
06558860788,09964165538,337,L12,2022-04-28
2357251175,+916719932760,291,L14,2022-12-28
6563606777,+916614260755,893,L12,2025-04-09
+912081240744,+913939091670,674,L16,2023-06-12
02197084677,2357251175,230,L14,2023-10-27
+910361689527,01440281795,883,L13,2024-03-20
1754627811,+918000827127,449,L13,2024-01-25
5377250541,+910218648716,190,L13,2024-07-29
2357251175,05738442412,588,L13,2024-10-01
01440281795,07919785417,171,L15,2022-12-30
+913939091670,01179039159,151,L15,2022-05-28
+918319518275,9658829813,417,L16,2022-07-25
00624939725,0909203877,17,L12,2025-05-20
1405174893,07919785417,851,L12,2022-01-28
4454329400,+918380599695,279,L16,2022-10-20
07919785417,3739349217,815,L16,2022-08-06
5554619979,3992755330,729,L13,2022-06-24
00624939725,07450965646,459,L14,2022-12-01
3992755330,5871683548,62,L14,2025-01-18
01440281795,8512139853,849,L12,2022-04-02
02197084677,+910402533516,861,L13,2024-04-30
07919785417,+916719932760,237,L15,2024-05-24
3042182703,03019893024,236,L15,2025-11-02
+913939091670,1375513672,120,L13,2024-10-04
+914910168757,+916719932760,293,L12,2024-01-02
02879227893,+916260285256,91,L16,2022-03-30
05901183152,07104463104,347,L13,2025-05-13
+917095178482,05901183152,688,L14,2025-11-08
+913970569817,7443478080,111,L15,2023-07-10
03019893024,05415885644,835,L12,2025-12-27
3152821407,+912358454193,157,L13,2025-09-05
+915904443371,1405174893,743,L12,2024-09-06
8045261055,05980819939,749,L13,2023-07-25
+916330394558,03593874176,191,L14,2024-02-28
+915904443371,0992696419,715,L16,2024-04-27
3152821407,3992755330,826,L13,2025-09-01
1405174893,02197084677,556,L15,2024-12-29
+916614260755,2357251175,398,L16,2022-06-21
1375513672,+916614260755,800,L13,2025-11-21
1375513672,+913508081684,7,L12,2023-02-21
+918964618370,+912588340080,141,L12,2022-08-14
9658829813,+918964618370,874,L14,2022-10-13
+912588340080,05687847033,569,L13,2024-05-12
+910361689527,+916719932760,769,L12,2022-10-10
06682596186,1375513672,391,L15,2022-02-23
+918964618370,1375513672,683,L12,2025-04-06
+914017332760,03796181062,166,L13,2022-03-03
+918964618370,+916330394558,83,L16,2022-01-26
05687847033,5981963708,788,L15,2023-01-09
3642506870,1143445680,720,L15,2023-09-06
02528090888,3992755330,805,L12,2025-08-13
7443478080,6791721909,662,L16,2022-03-07
0909203877,07455419767,16,L15,2024-03-22
+917095178482,+915580795292,572,L14,2025-12-27
+911278666421,07455419767,731,L15,2023-04-11
07397909442,06736519594,99,L15,2024-12-04
09720077636,09326585587,221,L16,2024-03-31
9066248106,1405174893,847,L16,2025-02-19
9968205431,2357251175,484,L14,2024-09-04
03019893024,5618343531,394,L12,2022-12-04
3152821407,01440281795,204,L12,2023-07-07
+912693669801,+918964618370,802,L12,2023-11-19
+913467019505,05738442412,114,L13,2022-05-14
+910502970960,07450965646,321,L16,2023-01-20
+910361689527,07397909442,251,L12,2023-07-06
+912480543482,+919116217756,582,L12,2024-09-17
9066248106,+910218648716,321,L14,2022-01-18
0909203877,06432369684,517,L14,2023-02-04
0909203877,+917106718853,137,L12,2025-12-10
3992755330,3318978217,520,L16,2022-07-26
3152821407,05901183152,606,L15,2024-02-22
0646320864,9968205431,302,L13,2022-11-27
+917095178482,+916330394558,645,L13,2022-07-11
+910209804374,3152821407,674,L13,2022-10-16
+914910168757,07455419767,751,L16,2025-05-31
07397909442,3992755330,809,L14,2022-09-26
+914942617974,+913970569817,446,L15,2022-03-23
+913467019505,01488871984,626,L13,2022-06-03
+919116217756,03593874176,104,L13,2022-01-31
+916524643328,+915904443371,893,L15,2022-06-28
+910218648716,+915904443371,307,L12,2022-11-27
+912164135828,+918964618370,96,L13,2022-05-26
1375513672,+912588340080,489,L15,2023-06-09
01440281795,7291389047,131,L15,2025-03-10
07396619614,+912358454193,415,L16,2024-04-17
00425079208,00220117690,380,L16,2024-11-15
00743723873,+918964618370,703,L16,2024-04-26
+912588340080,+914344639907,703,L16,2022-03-29
09720077636,9066248106,814,L16,2023-05-17
07919785417,9968205431,302,L13,2024-02-09
+919116217756,9968205431,233,L15,2024-03-06
+917095178482,09915489126,484,L16,2025-08-08
5377250541,+912588340080,92,L12,2023-01-05
00425079208,2764258363,791,L13,2024-06-06
00916559505,+911422570088,355,L15,2025-05-22
+910361689527,9135330926,122,L15,2023-07-25
07396619614,5871683548,486,L13,2022-10-26
+915904443371,07396619614,620,L12,2024-02-18
7805346187,+918964618370,445,L13,2024-08-27
9066248106,+912358454193,781,L15,2025-11-01
06736519594,01440281795,90,L12,2022-10-18
+916947239687,+916330394558,899,L15,2025-12-29
+912358454193,+916614260755,690,L13,2023-06-16
05687847033,+910218648716,443,L14,2023-12-02
05738442412,09915489126,434,L15,2024-09-13
+916614260755,3152821407,718,L14,2024-06-13
+918326713362,+919116217756,847,L16,2022-01-21
3152821407,+910502970960,84,L16,2025-09-29
02879227893,+915904443371,848,L12,2023-10-11
05901183152,+912588340080,156,L14,2024-10-19
8045261055,+916632859376,421,L16,2023-06-23
+912081240744,+913279774365,857,L15,2022-09-15
01440281795,01858173651,42,L13,2023-03-24
5797940050,02197084677,175,L15,2025-05-15
01179039159,+917095178482,19,L14,2024-01-29
07919785417,3318978217,519,L15,2022-09-13
01440281795,+912588340080,425,L14,2023-12-22
05687847033,05980819939,788,L12,2023-11-19
09926343033,+912588340080,387,L16,2022-12-29
+910502970960,02197084677,395,L15,2023-08-07
01440281795,1375513672,882,L12,2022-07-23
3152821407,+910402533516,670,L16,2022-02-03
05415885644,+910402533516,772,L16,2025-07-01
+911826217300,+913950966283,600,L14,2022-03-08
9968205431,+910361689527,800,L16,2024-07-20
1405174893,01179039159,485,L14,2022-09-12
+916632859376,+918326713362,427,L15,2025-08-13
07919785417,+918964618370,234,L14,2024-11-05
5285887593,03019893024,319,L13,2024-04-29
07919785417,01970861405,38,L12,2022-02-01
5871683548,+918964618370,841,L16,2024-11-28
+915904443371,05738442412,590,L13,2024-05-30
+919116217756,1405174893,636,L15,2025-08-12
05687847033,3152821407,596,L13,2024-05-28
7352778763,1405174893,750,L15,2022-12-22
00806911792,+911895959995,452,L12,2023-04-19
1375513672,09326585587,126,L16,2025-07-17
3152821407,9968205431,647,L16,2023-06-17
6791721909,+915904443371,100,L12,2022-07-11
5389320020,01440281795,612,L12,2022-11-10
+918053048497,02197084677,85,L15,2025-03-17
07919785417,5554619979,469,L14,2025-07-23
01179039159,01440281795,232,L13,2023-09-01
+916614260755,+918319518275,803,L14,2024-02-14
03019893024,+916947239687,152,L12,2025-07-08
01440281795,01858173651,110,L15,2022-08-16
09926343033,8512139853,150,L14,2023-08-02
2809302877,+910218648716,511,L13,2024-01-11
1405174893,07455419767,27,L12,2024-04-27
+914017332760,+913970569817,220,L15,2025-11-08
+918964618370,+915904443371,466,L13,2022-11-26
8601129452,00806911792,680,L16,2025-03-07
9968205431,+916260285256,356,L15,2023-12-12
03593874176,03245201232,10,L16,2022-11-21
9135330926,09926343033,202,L12,2025-05-26
+916614260755,+911895959995,784,L13,2022-11-09
+912358454193,01513152874,227,L14,2022-03-02
00624939725,+916330394558,713,L14,2022-09-17
+916947239687,01179039159,99,L16,2023-12-15
01440281795,+912588340080,833,L15,2024-10-12
+911895959995,00916559505,202,L13,2023-05-28
01179039159,9968205431,739,L15,2023-07-30
+910402533516,3152821407,606,L13,2023-10-01
3152821407,00743723873,504,L15,2024-06-06
0992696419,1143445680,840,L16,2023-10-15
+915606858100,1405174893,209,L14,2025-03-07
+918964618370,01440281795,70,L13,2024-07-09
5937116722,06432369684,264,L15,2025-04-16
+915301936643,05687847033,665,L14,2024-12-22
2588421589,01513152874,833,L15,2023-10-23
3152821407,09915489126,79,L14,2023-03-17
+918964618370,5315937580,130,L14,2022-01-20
+913939091670,1375513672,223,L16,2024-08-11
3152821407,3318978217,580,L15,2022-05-16
01928977360,+910361689527,227,L16,2022-07-30
6493168362,09649796664,831,L12,2025-10-06
2970858880,01440281795,703,L14,2024-06-10
2357251175,01179039159,55,L15,2024-10-08
9066248106,+916947239687,127,L15,2022-09-12
05738442412,+915904443371,397,L16,2023-04-30
3152821407,02406405843,9,L14,2024-08-03
4454329400,3739349217,42,L16,2024-12-28
07396619614,01440281795,76,L12,2024-08-20
05687847033,+914296431265,313,L14,2023-07-17
+910685105885,00916559505,574,L15,2023-10-04
09964165538,9960844701,718,L15,2024-07-19
9968205431,3739349217,129,L16,2024-02-05
+910402533516,+916719932760,850,L13,2022-01-22
+912693669801,+915904443371,709,L13,2024-06-11
05738442412,01179039159,836,L16,2024-01-26
+913279774365,05415885644,893,L14,2022-04-18
+910209804374,9066248106,54,L12,2023-09-16
05781650615,+913939091670,815,L14,2024-02-17
+913939091670,2764258363,602,L12,2024-08-01
09326585587,+912358454193,776,L15,2025-04-11
01440281795,03019893024,539,L13,2024-12-16
02406405843,03019893024,292,L15,2023-10-22
+916719932760,05781650615,308,L12,2025-12-27
09915489126,05687847033,253,L13,2025-09-12
+913939091670,+916330394558,511,L13,2022-05-04
07919785417,+910361689527,843,L13,2024-02-28
+914017332760,3992755330,838,L16,2025-04-24
+911895959995,+915904443371,324,L15,2025-12-22
03019893024,9968205431,113,L13,2022-09-24
00425079208,1405174893,468,L16,2025-06-24
+910361689527,00916559505,75,L15,2023-07-24
05738442412,+915904443371,895,L12,2025-03-28
3042182703,+915580795292,767,L13,2022-08-14
07919785417,+912588340080,278,L15,2022-02-28
03019893024,+912588340080,276,L16,2022-08-31
+916330394558,07104463104,159,L16,2024-03-23
07104463104,3992755330,456,L14,2023-07-13
+911826217300,01440281795,754,L13,2024-05-15
+915301936643,5618343531,613,L16,2023-07-20
09649796664,+911895959995,116,L12,2025-10-27
01440281795,06432369684,229,L12,2022-08-24
2809302877,02406405843,249,L16,2022-05-15
+910402533516,+916719932760,640,L15,2025-12-03
1405174893,+910402533516,756,L14,2025-11-17
07455419767,05738442412,213,L14,2023-12-13
1375513672,7443478080,8,L13,2022-07-13
07455419767,+913939091670,493,L13,2023-09-18
05738442412,+917095178482,175,L14,2023-01-19
5377250541,7291389047,18,L15,2025-09-26
05980819939,07919785417,275,L13,2022-06-07
+917095178482,9968205431,613,L15,2023-12-23
+910466990768,+914017332760,258,L12,2024-08-25
9066248106,07919785417,701,L13,2023-08-19
+916614260755,05738442412,155,L12,2022-07-12
+915904443371,5554619979,468,L14,2024-10-01
+913279774365,+910630887425,503,L14,2023-06-04
+912588340080,05687847033,313,L14,2025-12-25
05889263786,01234666964,882,L15,2025-05-05
8045261055,+913939091670,750,L12,2025-08-03
3042182703,02528090888,230,L13,2025-09-12
09915489126,07396619614,596,L15,2025-11-26
09915489126,3642506870,203,L12,2024-02-13
3739349217,+914344639907,700,L15,2025-01-20
+913279774365,+915580795292,184,L14,2023-06-28
5937116722,1405174893,432,L14,2023-07-20
01179039159,01858173651,723,L16,2023-12-05
8512139853,3152821407,585,L14,2023-12-12
+915606858100,07919785417,706,L15,2022-10-29
+917095178482,+916614260755,301,L16,2025-07-01
03019893024,+915904443371,300,L14,2022-05-13
07919785417,07396619614,294,L12,2025-04-29
9066248106,+915904443371,445,L12,2023-12-23
9066248106,00624939725,295,L16,2024-10-25
5871683548,+916330394558,282,L13,2022-10-20
9031323230,00425079208,302,L12,2023-03-25
+912588340080,09915489126,836,L15,2025-10-21
0992696419,3739349217,105,L14,2023-06-20
+910502970960,05738442412,451,L14,2025-10-22
3152821407,00624939725,791,L14,2023-02-13
+919922495422,02197084677,313,L12,2023-09-17
02022520672,09926343033,477,L13,2025-01-22
+918964618370,+915580795292,452,L13,2022-07-16
+916614260755,+913939091670,520,L14,2025-11-04
+912588340080,05980819939,435,L15,2024-04-20
07396619614,+919116217756,790,L12,2024-05-12
+910685105885,02879227893,314,L16,2023-05-12
+911895959995,00220117690,561,L14,2025-03-04
9066248106,9968205431,133,L12,2024-04-05
+912588340080,+917562745092,535,L12,2024-07-31
+916330394558,06736519594,670,L14,2022-08-08
+910502970960,2357251175,584,L14,2024-09-13
+912358454193,8512139853,603,L16,2025-10-13
7293535159,9066248106,214,L13,2024-11-23
+919116217756,3739349217,144,L13,2023-04-03
8601129452,+915904443371,11,L16,2024-09-20
+913939091670,01513152874,5,L16,2022-11-10
+917622376190,+911895959995,258,L12,2023-02-23
+912588340080,05687847033,459,L12,2024-03-11
09926343033,8601129452,500,L13,2023-01-12
9968205431,02197084677,846,L15,2025-06-08
+912358454193,+918053048497,447,L12,2022-10-27
05738442412,2357251175,678,L13,2023-05-08
+911895959995,+913939091670,210,L15,2024-09-02
+914942617974,03019893024,607,L14,2024-10-06
03019893024,1405174893,719,L15,2022-08-08
5981963708,0992696419,33,L15,2023-08-04
+916260285256,1405174893,599,L12,2023-09-13
01440281795,2809302877,639,L12,2024-06-29
01970861405,09915489126,147,L15,2024-08-16
6493168362,+911377204389,371,L16,2024-10-22
+910361689527,5377250541,542,L16,2024-03-10
+911422570088,03019893024,365,L16,2025-09-05
3992755330,1375513672,810,L14,2022-10-14
3152821407,03019893024,408,L15,2022-05-20
+918964618370,+912588340080,679,L16,2023-01-05
1375513672,+911895959995,679,L14,2024-12-12
00220117690,+915904443371,599,L16,2023-12-14
+918053048497,5618343531,51,L13,2022-03-02
+916719932760,03019893024,516,L15,2025-10-23
+915904443371,+916719932760,795,L12,2023-04-30
5377250541,05738442412,398,L12,2024-05-10
+911422570088,05604954282,43,L15,2022-05-30
+917562745092,01787502998,865,L13,2022-03-02
+915904443371,+913939091670,391,L16,2022-09-30
+919116217756,01179039159,507,L14,2024-06-15
+916719932760,9135330926,449,L13,2024-12-18
+916330394558,07919785417,689,L13,2022-07-17
07396619614,7291389047,10,L15,2024-01-07
+919116217756,+912358454193,353,L16,2023-01-15
07455419767,05687847033,589,L16,2024-08-28
09915489126,+918053048497,577,L12,2022-10-10
+913770284193,+913970569817,899,L16,2022-05-26
+916330394558,5315937580,310,L12,2022-07-26
07455419767,9066248106,558,L12,2023-11-09
+916719932760,7352778763,853,L15,2023-05-30
1375513672,+911422570088,897,L14,2022-11-20
+916330394558,02406405843,878,L16,2024-11-26
07455419767,2588421589,63,L12,2025-01-23
+910466990768,7805346187,274,L12,2025-08-30
07396619614,5797940050,210,L12,2023-11-17
00624939725,02197084677,756,L12,2023-11-07
+913508081684,+911422570088,582,L12,2025-06-03
09915489126,+911422570088,431,L16,2025-05-10
07397909442,5937116722,495,L14,2022-09-23
+912081240744,+912693669801,513,L13,2024-11-05
01440281795,07104463104,315,L12,2023-04-12
07397909442,07396619614,805,L16,2023-02-06
09649796664,1405174893,705,L16,2022-02-07
+914017332760,1405174893,391,L13,2025-11-25
07104463104,05980819939,146,L15,2022-08-25
+916260285256,02879227893,381,L13,2023-12-22
3992755330,00425079208,248,L12,2023-04-21
6506161068,+916719932760,770,L16,2025-01-03
9066248106,3152821407,899,L12,2023-05-27
+916330394558,00220117690,189,L12,2023-08-02
+915904443371,07735495506,255,L13,2023-08-22
01787502998,+914017332760,130,L12,2025-09-06
+916330394558,7352778763,215,L14,2024-10-10
3318978217,+912358454193,459,L14,2025-12-31
7352778763,5315937580,304,L13,2025-08-31
+916614260755,5285887593,719,L16,2025-01-13
+912693669801,09915489126,425,L16,2025-12-15
+914017332760,+916330394558,145,L13,2024-12-02
+915904443371,02197084677,130,L13,2024-02-02
07396619614,+913508081684,455,L15,2025-08-24
00743723873,07919785417,861,L14,2022-03-11
6493168362,1405174893,852,L12,2022-06-23
6493168362,09649796664,512,L15,2022-02-08
1405174893,9066248106,215,L13,2024-02-16
03019893024,+916614260755,681,L12,2023-09-17
02197084677,09915489126,31,L14,2025-05-31
2764258363,01970861405,834,L13,2025-04-25
07450965646,3992755330,854,L15,2025-06-26
+912358454193,3152821407,758,L12,2022-04-27
02197084677,00743723873,699,L16,2023-08-12
+912588340080,2970858880,586,L14,2024-11-28
05738442412,1405174893,768,L13,2023-05-03
01970861405,+912164135828,703,L12,2023-07-16
01488871984,+918380599695,307,L16,2023-11-23
9960844701,02879227893,375,L14,2023-07-05
5315937580,2357251175,627,L12,2022-01-26
+915904443371,03019893024,861,L13,2023-06-26
+913950966283,07919785417,14,L12,2024-08-13
3739349217,+914017332760,869,L13,2025-02-13
06558860788,01858173651,86,L16,2023-07-21
02197084677,00743723873,456,L14,2023-01-04
+917562745092,6493168362,894,L13,2024-10-10
+916719932760,05738442412,897,L12,2025-06-19
+916719932760,03019893024,193,L16,2025-11-02
+912358454193,01858173651,47,L13,2025-02-07
+911422570088,1375513672,270,L12,2023-06-12
+917095178482,+912358454193,366,L12,2025-01-11
03245201232,09915489126,84,L15,2024-11-04
8045261055,+916330394558,213,L16,2023-10-30
+918964618370,2357251175,430,L15,2022-05-27
+915580795292,01031947165,339,L14,2025-05-28
3992755330,06558860788,672,L15,2024-02-07
3173508138,+915301936643,36,L14,2022-11-25
9066248106,07397909442,610,L12,2022-02-22
09649796664,3152821407,528,L16,2024-11-06
1375513672,7352778763,392,L12,2025-04-08
03019893024,05901183152,785,L12,2025-08-22
8388286030,06432369684,234,L16,2025-03-03
01488871984,01440281795,756,L16,2024-05-06
+918355538922,9968205431,545,L16,2022-04-16
+912588340080,+916614260755,456,L14,2023-10-12
01179039159,02406405843,254,L13,2023-11-05
3152821407,09720077636,241,L14,2024-07-22
1143445680,01513152874,251,L15,2024-06-30
+918964618370,09915489126,522,L14,2022-06-06
03019893024,01787502998,464,L13,2024-05-07
+919116217756,05687847033,133,L13,2025-01-06
05240973068,06558860788,603,L13,2025-09-25
01787502998,3152821407,354,L12,2023-10-05
+916330394558,5797940050,156,L15,2025-03-25
01440281795,+918380599695,189,L12,2024-07-18
05738442412,5981963708,788,L15,2025-02-09
9135330926,09326585587,39,L12,2024-06-02
+913939091670,+913279774365,140,L16,2024-11-20
00425079208,00806911792,367,L15,2022-09-19
+913939091670,2991323347,305,L14,2022-09-01
03796181062,02879227893,744,L12,2022-04-03
7293535159,09915489126,464,L15,2024-04-17
9135330926,5389320020,780,L13,2024-09-04
+918355538922,+912081240744,608,L12,2024-11-09
05901183152,07919785417,612,L15,2024-01-28
1405174893,+913770284193,525,L14,2025-04-19
3173508138,3241204431,309,L14,2024-10-07
9066248106,+911895959995,542,L16,2025-04-02
9968205431,05980819939,335,L14,2024-02-26
07450965646,00743723873,47,L15,2023-03-08
+911895959995,02406405843,635,L12,2023-10-06
09915489126,05738442412,299,L15,2023-07-15
+913770284193,+910209804374,300,L16,2023-06-16
+910685105885,2764258363,687,L13,2023-07-25
3241204431,02197084677,525,L12,2022-12-12
03245201232,07396619614,557,L13,2025-01-06
07919785417,05687847033,31,L13,2024-01-27
+912164135828,00860293164,441,L16,2024-06-30
09326585587,+912588340080,117,L12,2025-12-17
+913950966283,9031323230,274,L13,2022-06-27
+914910168757,+918355538922,124,L12,2023-12-26
3642506870,+916719932760,81,L13,2023-11-01
+911895959995,6493168362,650,L12,2024-11-16
1375513672,+915904443371,44,L12,2024-06-06
05415885644,3152821407,330,L16,2023-01-25
03019893024,+914344639907,41,L12,2025-07-23
+918319518275,0646320864,898,L13,2023-03-27
05781650615,05901183152,838,L15,2023-01-19
01928977360,01179039159,95,L13,2024-11-23
07919785417,+911422570088,576,L13,2025-06-05
1375513672,07396619614,709,L16,2023-06-23
1405174893,+910466990768,658,L15,2023-12-16
+916614260755,00743723873,312,L14,2023-04-20
03019893024,+914017332760,650,L16,2024-03-14
09915489126,+914017332760,103,L12,2023-03-25
06682596186,3318978217,787,L15,2023-08-12
+916632859376,+915904443371,683,L12,2024-05-20
05738442412,8388286030,681,L14,2022-08-21
+913939091670,1375513672,797,L15,2024-09-17
07735495506,+913939091670,34,L14,2023-08-19
+911895959995,05889263786,806,L12,2024-04-17
+919116217756,+915904443371,696,L15,2023-10-13
1405174893,+913950966283,413,L12,2023-06-18
5285887593,+918000827127,352,L12,2025-07-27
+915904443371,02528090888,591,L16,2022-12-08
+910361689527,+913970569817,633,L14,2025-06-04
00220117690,02197084677,744,L15,2022-02-13
+916330394558,1375513672,366,L12,2025-02-06
03019893024,+911895959995,375,L13,2025-01-01
+912702862510,05687847033,410,L14,2023-04-15
3152821407,9658829813,344,L13,2024-04-26
02197084677,8542099590,18,L12,2022-03-15
+910685105885,+916614260755,518,L15,2024-03-25
9066248106,01928977360,29,L13,2023-04-17
07396619614,1143445680,837,L15,2024-02-13
4454329400,9135330926,281,L12,2022-06-23
+911422570088,+912081240744,785,L12,2024-04-30
07919785417,05687847033,624,L12,2022-11-07
5554619979,3152821407,203,L14,2025-05-25
3152821407,0992696419,766,L14,2022-02-17
+916947239687,+910361689527,275,L16,2025-09-05
+912588340080,+914942617974,100,L15,2023-04-01
+919116217756,+914017332760,724,L16,2024-12-28
+918319518275,07919785417,513,L14,2024-03-17
+911153515080,1375513672,468,L16,2023-04-04
+912480543482,2588421589,242,L14,2024-07-04
+914017332760,+915606858100,323,L13,2023-11-12
2357251175,+912480543482,102,L13,2025-02-22
+910361689527,3173508138,612,L12,2023-05-27
7291389047,02879227893,489,L16,2024-12-07
+911153515080,+911422570088,510,L15,2023-06-01
+915904443371,3992755330,159,L14,2022-03-16
+913939091670,03245201232,897,L14,2022-01-12
+913939091670,+910685105885,818,L16,2024-09-27
07455419767,06432369684,246,L15,2023-10-22
1375513672,+911895959995,884,L12,2022-06-16
05980819939,+916330394558,135,L13,2022-01-28
+911895959995,8512139853,207,L12,2024-06-15
07396619614,0992696419,179,L16,2025-07-06
+914017332760,1143445680,565,L15,2024-05-06
07919785417,+916260285256,306,L14,2025-10-17
+911895959995,02879227893,385,L13,2025-02-28
7291389047,+916614260755,214,L14,2025-06-11
+911895959995,05604954282,478,L14,2023-03-08
09926343033,+912040965640,877,L13,2022-10-05
+916614260755,05687847033,15,L15,2023-10-13
05738442412,+912588340080,10,L13,2023-10-01
01179039159,+910218648716,474,L12,2023-11-09
+911422570088,+912588340080,165,L14,2022-05-17
01440281795,+910209804374,358,L12,2025-07-11
09926343033,+916947239687,845,L16,2024-05-22
+918000827127,+918964618370,790,L14,2024-04-05
+919116217756,01440281795,212,L16,2022-06-08
05901183152,+918355538922,291,L14,2023-01-01
+919116217756,00220117690,539,L15,2025-04-17
3992755330,+918380599695,611,L14,2025-05-23
3739349217,7293535159,635,L15,2025-10-01
+910361689527,07919785417,242,L12,2023-03-20
07397909442,02879227893,151,L15,2022-12-04
+915580795292,+915904443371,58,L16,2022-10-08
3152821407,05980819939,488,L14,2023-11-01
07455419767,+916260285256,578,L15,2024-03-16
01234666964,1375513672,368,L16,2023-10-01
+915904443371,+916330394558,624,L13,2023-03-15
00860293164,05687847033,733,L15,2022-10-20
+919116217756,+914017332760,812,L12,2023-05-29
+919116217756,5389320020,361,L12,2022-12-31
+912358454193,9968205431,794,L14,2025-10-04
+918000827127,+910361689527,578,L15,2023-01-27
+918964618370,05415885644,15,L15,2023-02-06
+918964618370,01179039159,605,L14,2023-09-28
+910218648716,+918964618370,264,L12,2024-10-26
01787502998,07396619614,286,L15,2025-08-07
2588421589,03593874176,726,L14,2023-06-03
+913970569817,6563606777,848,L15,2022-03-04
01488871984,01440281795,507,L15,2022-12-22
1143445680,01440281795,563,L12,2022-08-01
+918964618370,09964165538,735,L13,2022-11-10
+912358454193,4454329400,434,L12,2022-09-02
+913950966283,1375513672,326,L16,2022-07-19
6493168362,9968205431,675,L12,2025-06-11
3992755330,+917095178482,329,L13,2025-12-23
00806911792,0646320864,380,L12,2024-11-23
7352778763,5618343531,862,L12,2025-09-29
+911422570088,05687847033,518,L14,2022-10-30
+916330394558,+913950966283,287,L13,2025-05-31
+913939091670,02528090888,655,L14,2022-01-07
+916947239687,09915489126,354,L16,2024-08-12
05687847033,+916330394558,479,L12,2022-06-30
00425079208,05738442412,93,L14,2023-01-16
03796181062,3739349217,790,L12,2022-12-13
+910361689527,+918964618370,88,L14,2023-05-21
05687847033,01440281795,890,L13,2023-01-27
+915904443371,1405174893,298,L14,2022-12-31
7291389047,+915904443371,236,L14,2023-01-21
+910209804374,05738442412,307,L15,2023-06-16
05781650615,+914017332760,597,L14,2024-01-15
+918380599695,+916614260755,854,L13,2025-07-16
07396619614,05687847033,399,L16,2022-11-15
+919116217756,03593874176,449,L14,2023-12-12
+910361689527,+913939091670,520,L14,2025-02-03
+916330394558,01234666964,269,L15,2023-03-23
+911775319685,+911278666421,534,L13,2025-09-10
+914017332760,+912588340080,335,L16,2024-02-02
1405174893,6506161068,39,L12,2023-10-23
01440281795,+912358454193,13,L15,2022-11-22
+914017332760,3992755330,107,L14,2023-01-19
+915904443371,+912588340080,195,L15,2022-02-14
2357251175,+912588340080,594,L15,2025-11-23
+918355538922,+912588340080,254,L14,2023-06-02
07735495506,+914017332760,415,L12,2023-09-07
+916632859376,+914344639907,786,L12,2024-11-04
5797940050,01234666964,596,L16,2024-03-31
07396619614,+911895959995,312,L16,2025-05-07
01179039159,6563606777,774,L13,2022-10-13
03019893024,3152821407,60,L14,2022-07-05
3152821407,7291389047,359,L15,2024-07-28
05738442412,07919785417,156,L13,2023-02-15
8601129452,+916330394558,246,L15,2023-02-21
+916330394558,+918319518275,706,L14,2025-02-11
07919785417,05738442412,107,L16,2024-08-22
+918326713362,03019893024,856,L13,2024-08-07
+917562745092,3241204431,136,L13,2023-10-14
00916559505,+915904443371,294,L15,2025-10-13
+910502970960,+916614260755,360,L16,2024-09-27
07396619614,+910209804374,187,L14,2023-04-27
+918964618370,07455419767,6,L16,2025-06-04
0909203877,+918326713362,666,L13,2023-04-17
07455419767,9066248106,314,L12,2024-06-10
3992755330,03019893024,440,L14,2022-11-05
+915904443371,+917095178482,497,L14,2022-03-13
06432369684,5797940050,172,L16,2024-03-26
05687847033,+912588340080,89,L12,2023-12-11
03019893024,5618343531,831,L13,2022-01-26
+915904443371,02406405843,398,L15,2025-11-06
07919785417,03019893024,691,L15,2024-04-02
+918380599695,+915904443371,269,L12,2025-07-22
07735495506,3152821407,466,L14,2024-10-25
5315937580,1375513672,869,L14,2024-12-31
8045261055,05738442412,439,L15,2024-12-24
+912358454193,+916330394558,12,L16,2023-11-22
+910630887425,+911895959995,634,L15,2024-07-20
9066248106,+912164135828,129,L15,2024-09-29
+918964618370,5937116722,707,L14,2024-01-27
05980819939,+917095178482,790,L16,2022-02-18
5285887593,+915301936643,432,L15,2022-02-05
+915904443371,01440281795,615,L14,2022-08-17
+918355538922,+916614260755,410,L13,2023-05-25
+916330394558,3241204431,749,L15,2022-10-24
07104463104,+916947239687,474,L16,2025-11-12
+918319518275,05687847033,859,L16,2024-12-08
+912588340080,+916330394558,386,L13,2022-03-20
09649796664,+912081240744,836,L15,2022-07-27
+911895959995,+917106718853,350,L14,2025-07-28
0992696419,07919785417,769,L12,2023-06-11
05687847033,9031323230,124,L16,2023-01-28
+911775319685,+915904443371,531,L13,2025-01-09
+913939091670,9066248106,592,L13,2024-08-26
+911153515080,5389320020,769,L13,2025-11-11
6493168362,+917095178482,624,L13,2024-03-27
+917095178482,06736519594,421,L12,2023-03-01
5315937580,03019893024,286,L15,2023-07-01
03245201232,+912480543482,330,L13,2022-07-18
+916719932760,1375513672,231,L16,2022-05-11
7443478080,1375513672,851,L16,2024-08-01
5797940050,+910502970960,559,L15,2024-03-07
07397909442,07919785417,353,L14,2023-10-17
2357251175,05901183152,879,L13,2024-10-18
+916614260755,05738442412,404,L15,2023-06-08
07396619614,9968205431,85,L15,2025-07-17
+919116217756,09915489126,217,L14,2024-12-20
+915904443371,0909203877,467,L15,2025-10-13
07396619614,+913970569817,175,L14,2025-07-02
+919116217756,+914296431265,788,L14,2022-02-17
+919116217756,07455419767,245,L16,2024-02-08
4454329400,01787502998,875,L12,2022-09-10
9960844701,+910361689527,118,L14,2025-03-14
05240973068,5554619979,415,L15,2025-01-31
09915489126,+916719932760,618,L14,2023-07-26
+918380599695,01440281795,685,L14,2025-11-07
07455419767,+916614260755,235,L15,2024-04-07
07450965646,7443478080,465,L13,2022-11-18
00916559505,07919785417,854,L15,2023-11-16
03019893024,+917095178482,105,L16,2024-02-25
03019893024,+912480543482,425,L12,2023-01-22
+918053048497,00624939725,639,L12,2024-10-27
03245201232,+918355538922,28,L16,2023-10-28
8542099590,+919116217756,488,L12,2025-11-02
00743723873,07919785417,620,L15,2025-09-01
02197084677,+912358454193,875,L15,2022-11-27
+918964618370,+915580795292,184,L13,2024-08-25
+915904443371,+915301936643,36,L16,2023-02-28
+912588340080,+918319518275,622,L13,2024-06-27
3152821407,6563606777,517,L12,2025-08-06
3152821407,05687847033,898,L13,2022-11-23
+912588340080,06682596186,12,L15,2022-03-08
+912358454193,03593874176,887,L12,2024-02-29
3152821407,8388286030,738,L12,2025-01-05
1375513672,01787502998,551,L15,2022-02-18
+914017332760,+917106718853,304,L12,2024-03-26
+918964618370,1375513672,528,L15,2025-07-12
07104463104,09326585587,154,L16,2023-06-22
+910685105885,8045261055,178,L15,2024-01-21
03019893024,7291389047,253,L13,2024-09-15
05781650615,3992755330,715,L15,2022-06-01
3318978217,07455419767,255,L14,2023-06-17
+915301936643,+913950966283,811,L14,2024-07-11
+919116217756,+910502970960,784,L13,2022-10-14
+911895959995,07919785417,384,L14,2025-02-28
1375513672,+915904443371,738,L16,2022-11-21
01440281795,+914017332760,455,L14,2025-10-10
5871683548,3152821407,136,L16,2022-10-28
+915301936643,1405174893,657,L12,2023-04-12
9968205431,+910466990768,156,L12,2025-04-11
+910630887425,+912081240744,768,L15,2024-11-24
+914017332760,5377250541,357,L13,2025-08-11
0646320864,07455419767,540,L15,2024-02-06
+912358454193,+914017332760,178,L15,2024-12-11
05738442412,3318978217,19,L12,2025-10-01
3992755330,+915904443371,234,L14,2022-11-04
09649796664,+918000827127,127,L13,2025-08-24
09915489126,+912588340080,658,L16,2022-01-25
3318978217,9135330926,377,L12,2025-09-22
2588421589,+911826217300,342,L12,2024-11-05
06736519594,06682596186,871,L12,2025-01-06
+916632859376,9066248106,585,L13,2024-12-06
+918319518275,3152821407,192,L13,2025-11-13
+916719932760,1375513672,186,L16,2022-03-24
05781650615,6493168362,765,L12,2023-01-25
01970861405,4454329400,315,L13,2022-05-05
+916719932760,0646320864,600,L15,2024-09-04
+911826217300,+917622376190,57,L12,2023-10-16
01179039159,01513152874,90,L13,2024-09-01
+911826217300,6506161068,617,L14,2024-09-24
+919116217756,+910466990768,886,L15,2022-08-17
05240973068,01179039159,830,L16,2025-07-24
+910685105885,+914910168757,262,L16,2024-04-13
06736519594,01440281795,341,L15,2024-11-04
+911895959995,00743723873,311,L16,2023-06-26
8542099590,+916947239687,579,L14,2024-10-27
+913970569817,8045261055,779,L15,2023-01-09
07919785417,2809302877,526,L15,2024-08-21
05738442412,+911422570088,447,L14,2025-10-10
3241204431,+912358454193,355,L16,2025-07-30
2357251175,01179039159,116,L13,2023-04-20
+916524643328,+912588340080,706,L16,2023-09-07
+910361689527,+917095178482,336,L13,2022-11-17
+916524643328,3152821407,877,L16,2022-11-20
03019893024,+915904443371,533,L16,2024-08-28
3152821407,5315937580,280,L14,2023-04-14
+912588340080,9968205431,315,L13,2024-01-30
+915904443371,+917106718853,854,L15,2023-10-08
+915904443371,+919116217756,785,L12,2024-05-04
+911153515080,5618343531,423,L13,2023-12-26
+912480543482,+916524643328,24,L13,2025-12-13
+910361689527,1375513672,306,L12,2024-02-04
+915904443371,3152821407,338,L16,2025-02-16
7293535159,3152821407,637,L15,2024-10-27
9968205431,+912693669801,253,L14,2022-11-25
+912081240744,7352778763,612,L12,2024-08-20
5315937580,1405174893,728,L13,2024-09-24
+912164135828,01787502998,389,L12,2022-05-02
9066248106,3992755330,555,L15,2024-01-27
2764258363,8045261055,142,L14,2022-06-01
+912480543482,+918355538922,849,L13,2022-11-07
6506161068,2970858880,580,L15,2022-06-30
+918319518275,2970858880,786,L14,2025-09-15
+919116217756,2357251175,711,L13,2022-02-14
+918380599695,+911422570088,809,L14,2025-12-03
8388286030,+918964618370,796,L13,2024-07-02
05738442412,+912588340080,476,L14,2024-01-12
01179039159,6563606777,270,L16,2023-06-07
1143445680,07919785417,127,L15,2025-08-08
05980819939,3152821407,822,L16,2022-04-09
+911422570088,+913279774365,387,L16,2022-02-03
5389320020,07396619614,521,L16,2023-11-01
07455419767,02406405843,654,L12,2022-05-18
+919116217756,+912480543482,804,L16,2022-08-19
6791721909,+911895959995,876,L16,2022-06-29
2764258363,09649796664,200,L15,2022-05-30
2357251175,+912588340080,761,L14,2022-11-08
+911422570088,01440281795,352,L16,2024-07-18
5315937580,7293535159,447,L15,2022-02-13
02406405843,07919785417,853,L12,2024-03-09
07919785417,+915904443371,159,L13,2023-06-15
+910466990768,+916524643328,550,L13,2024-07-26
+918380599695,2970858880,368,L13,2025-03-27
01179039159,3042182703,320,L12,2023-01-07
07396619614,07735495506,869,L13,2022-03-22
02197084677,8388286030,340,L13,2023-10-08
03019893024,+910361689527,172,L14,2024-05-18
+916719932760,+911278666421,795,L12,2023-12-29
00624939725,3318978217,455,L15,2022-09-10
07919785417,+912358454193,879,L15,2023-03-04
9066248106,+913770284193,208,L15,2023-02-26
6506161068,09326585587,184,L16,2024-11-03
+917106718853,8512139853,779,L12,2023-03-06
7352778763,9135330926,371,L15,2023-10-11
01179039159,+912702862510,823,L14,2024-11-04
+914017332760,+911895959995,472,L12,2022-02-03
1405174893,5797940050,883,L14,2022-07-24
+918964618370,+915904443371,71,L14,2024-06-08
+916719932760,+913939091670,671,L15,2025-08-11
+915580795292,07919785417,286,L14,2025-08-18
9066248106,9968205431,186,L12,2025-03-02
00220117690,5871683548,716,L12,2024-08-20
+911422570088,3152821407,892,L14,2025-09-15
+918964618370,+914296431265,166,L13,2024-05-08
05738442412,+911895959995,160,L13,2025-10-01
+918964618370,2764258363,810,L12,2022-11-29
07455419767,+915904443371,645,L14,2024-02-04
+918624286751,07396619614,31,L12,2023-11-11
5937116722,07396619614,897,L15,2022-10-23
9066248106,1405174893,617,L13,2024-12-11
6791721909,07919785417,233,L15,2022-07-08
+913279774365,8045261055,492,L15,2024-08-09
9968205431,+916614260755,142,L12,2025-05-20
+915904443371,+912588340080,268,L14,2022-09-20
03019893024,+918964618370,633,L12,2025-09-30
+914017332760,1143445680,877,L13,2025-03-15
09326585587,+911895959995,829,L13,2022-10-20
03019893024,9135330926,739,L14,2024-04-07
5937116722,+912693669801,236,L13,2023-05-29
+918000827127,8601129452,732,L16,2024-08-04
+911895959995,02406405843,278,L14,2022-09-27
5797940050,03019893024,598,L15,2022-03-12
01440281795,3152821407,191,L13,2022-01-30
01440281795,05687847033,248,L15,2022-11-28
+915904443371,2970858880,500,L13,2023-12-06
01440281795,2357251175,596,L15,2024-04-10
+914910168757,+912588340080,274,L15,2025-01-22
+916260285256,+912164135828,791,L14,2024-11-19
3992755330,05889263786,266,L15,2023-11-30
+918380599695,+912588340080,103,L14,2025-09-30
+917562745092,+911775319685,805,L15,2024-01-19
01440281795,3739349217,134,L13,2022-07-13
+912480543482,05687847033,128,L14,2025-02-01
09326585587,09915489126,468,L16,2024-06-12
+912702862510,+916330394558,892,L13,2024-10-30
2588421589,7352778763,528,L13,2023-02-04
05687847033,+916719932760,22,L14,2023-02-11
+916614260755,5315937580,581,L16,2024-12-22
9066248106,+916614260755,557,L16,2023-04-17
05738442412,6791721909,701,L16,2022-12-06
+916719932760,07397909442,738,L16,2022-11-08
3173508138,09649796664,883,L14,2023-02-19
9066248106,+916632859376,415,L15,2023-08-31
5377250541,6563606777,492,L14,2024-08-16
+919922495422,7805346187,5,L14,2022-06-03
1375513672,03019893024,218,L16,2025-06-09
06432369684,+911422570088,425,L13,2022-10-15
+914017332760,05738442412,831,L15,2023-05-12
3152821407,01440281795,405,L13,2025-04-26
8542099590,09915489126,236,L13,2023-07-20
05889263786,09326585587,762,L13,2025-04-14
+910361689527,7291389047,287,L12,2023-11-02
01440281795,+911895959995,541,L16,2022-07-30
+912588340080,03019893024,310,L16,2022-09-13
9135330926,+912588340080,77,L14,2023-12-01
1793612164,07396619614,863,L12,2023-06-08
01440281795,05980819939,177,L15,2025-12-24
07450965646,+916719932760,110,L16,2022-07-01
06432369684,+912358454193,252,L15,2025-09-23
05687847033,06682596186,436,L12,2022-04-27
+912358454193,+912164135828,746,L14,2023-07-19
01440281795,3992755330,687,L14,2023-05-30
+916330394558,+910402533516,830,L13,2024-09-21
0646320864,+916719932760,449,L14,2025-09-25
+912693669801,5315937580,730,L16,2024-09-26
01787502998,+919116217756,626,L15,2024-11-28
07396619614,+915606858100,863,L12,2025-08-09
02406405843,+916260285256,787,L14,2023-05-04
01858173651,1375513672,623,L15,2024-05-13
+912040965640,07396619614,667,L15,2024-06-20
2970858880,+916614260755,413,L15,2025-07-10
+917095178482,07919785417,585,L12,2023-01-06
01440281795,3992755330,304,L12,2024-04-24
+918000827127,9968205431,264,L14,2024-01-05
09915489126,3739349217,288,L12,2024-07-02
+915904443371,+913939091670,655,L13,2023-06-23
+910361689527,+918380599695,565,L14,2025-08-20
9135330926,+910685105885,804,L15,2022-12-19
9968205431,3992755330,636,L13,2025-01-07
+918326713362,+916330394558,420,L16,2023-10-03
07455419767,01179039159,396,L14,2023-02-19
9968205431,+914017332760,350,L14,2024-06-15
+910685105885,06432369684,335,L12,2022-02-02
01179039159,+915904443371,523,L16,2025-12-05
02022520672,+919116217756,187,L16,2024-03-26
+913939091670,01179039159,97,L16,2025-12-28
+918326713362,03019893024,877,L13,2023-06-24
1375513672,+916614260755,411,L15,2022-09-30
+910402533516,8388286030,839,L16,2023-08-25
+919116217756,+916330394558,235,L12,2024-06-25
+918319518275,5871683548,285,L15,2022-02-23
+916719932760,+913939091670,229,L13,2023-05-18
+913770284193,2357251175,153,L14,2022-01-26
+918319518275,07919785417,631,L15,2024-09-16
+914296431265,02197084677,586,L15,2023-01-29
01179039159,+911895959995,414,L16,2025-07-08
5937116722,09720077636,769,L14,2023-06-20
3152821407,05781650615,384,L13,2024-01-17
+915904443371,09915489126,714,L14,2022-10-03
+912358454193,+912702862510,257,L16,2025-01-07
00220117690,+911377204389,808,L15,2024-11-05
+916614260755,+912693669801,851,L13,2025-05-22
01440281795,02197084677,234,L14,2024-08-10
2970858880,9066248106,638,L15,2024-06-15
03796181062,+911422570088,180,L16,2022-02-15
+912588340080,01440281795,360,L13,2024-09-03
+911422570088,09915489126,741,L16,2023-07-20
05604954282,3318978217,33,L16,2026-01-01
07455419767,1375513672,141,L13,2024-03-22
03019893024,+915904443371,718,L14,2025-10-13
3992755330,+919116217756,525,L13,2024-04-13
+916524643328,09720077636,605,L12,2023-10-07
6563606777,9066248106,777,L16,2024-01-04
+916260285256,09720077636,633,L16,2022-05-11
+914296431265,05738442412,204,L16,2023-05-25
01234666964,+913279774365,860,L12,2023-01-07
01440281795,07455419767,127,L12,2023-11-11
3241204431,5618343531,722,L15,2025-11-04
3152821407,1405174893,490,L14,2022-10-11
05738442412,+915904443371,186,L15,2025-12-19
+914344639907,07455419767,193,L15,2023-06-18
01179039159,09915489126,667,L12,2025-07-20
3992755330,0909203877,541,L12,2023-06-12
+914344639907,+911422570088,575,L14,2022-05-02
3241204431,07919785417,546,L12,2022-01-26
3152821407,+919116217756,388,L13,2022-05-23
01179039159,+918624286751,191,L13,2025-01-01
+912480543482,3241204431,704,L16,2022-11-13
+918964618370,05738442412,456,L13,2025-12-17
+911895959995,2357251175,460,L16,2022-03-04
07396619614,+916614260755,817,L14,2022-09-04
05415885644,+915606858100,704,L16,2023-01-05
+911895959995,5377250541,514,L16,2023-01-31
5871683548,09964165538,350,L16,2024-07-20
05687847033,3152821407,124,L16,2025-10-01
+911422570088,+918319518275,149,L15,2023-05-06
01179039159,5618343531,371,L15,2022-05-01
2357251175,9658829813,729,L12,2025-04-25
9968205431,+910218648716,675,L16,2023-10-19
+919116217756,1375513672,539,L16,2024-03-18
01440281795,01928977360,143,L13,2024-07-06
+915301936643,+913970569817,418,L15,2024-06-10
+916330394558,07919785417,111,L16,2023-10-21
+914017332760,1405174893,514,L12,2023-08-12
+916614260755,07396619614,96,L16,2023-09-21
1143445680,+919116217756,182,L14,2025-08-05
7293535159,+916614260755,53,L15,2023-09-13
01179039159,06682596186,58,L15,2025-11-02
7293535159,+916614260755,187,L14,2024-11-07
+917095178482,9066248106,224,L15,2022-07-22
1793612164,05889263786,734,L12,2023-10-18
1375513672,07455419767,589,L16,2025-08-04
07919785417,2764258363,215,L12,2025-11-12
2764258363,07919785417,251,L14,2025-09-12
+912702862510,+913279774365,851,L14,2023-04-13
00425079208,00916559505,164,L16,2022-10-18
+918319518275,03019893024,437,L16,2025-10-25
1375513672,5377250541,322,L14,2023-02-24
02528090888,07919785417,848,L15,2024-04-27
6493168362,5377250541,841,L14,2024-09-26
03245201232,+913970569817,409,L15,2022-03-27
00220117690,+913939091670,77,L12,2025-07-29
01513152874,5377250541,505,L13,2022-05-17
+916614260755,05738442412,762,L15,2023-06-10
01928977360,7443478080,881,L14,2025-03-13
+915606858100,+916260285256,847,L12,2023-02-18
02197084677,07455419767,135,L12,2024-11-27
+912588340080,+915606858100,239,L15,2022-03-19
05738442412,+911153515080,830,L13,2022-05-19
5389320020,+918964618370,761,L15,2022-10-20
+910502970960,07396619614,520,L13,2023-01-23
+917106718853,9066248106,19,L14,2022-11-09
+912358454193,05604954282,184,L15,2023-12-19
01179039159,01440281795,405,L13,2024-02-18
00860293164,07455419767,235,L13,2023-01-12
3992755330,+912081240744,30,L12,2024-06-21
9968205431,07735495506,299,L13,2025-02-14
01031947165,06682596186,63,L12,2022-08-17
02528090888,+916614260755,638,L14,2022-12-14
+918964618370,01031947165,111,L13,2025-11-02
9066248106,1405174893,585,L13,2022-09-03
+911153515080,07396619614,563,L12,2022-06-01
01440281795,9658829813,590,L15,2025-08-13
01928977360,02879227893,465,L15,2023-05-02
09964165538,09915489126,656,L15,2024-07-20
+911278666421,5871683548,554,L13,2024-01-08
01031947165,01440281795,183,L14,2024-03-06
+917622376190,+918964618370,26,L14,2024-06-03
01031947165,+912588340080,732,L13,2025-01-13
+913279774365,09326585587,646,L13,2023-12-24
3173508138,5797940050,432,L15,2024-08-01
+913950966283,1405174893,377,L14,2023-11-23
03019893024,4454329400,547,L13,2023-02-26
+910361689527,01179039159,204,L16,2025-09-12
+918964618370,+912588340080,888,L14,2024-04-16
01440281795,+910361689527,149,L12,2024-08-21
02197084677,+912588340080,857,L15,2025-07-01
9066248106,+910361689527,569,L15,2022-11-17
7805346187,07104463104,458,L13,2022-02-18
1405174893,03019893024,284,L16,2025-10-25
+916524643328,01440281795,593,L13,2023-02-10
02528090888,+912588340080,893,L15,2022-09-25
+915904443371,05415885644,632,L12,2024-12-22
+917095178482,3152821407,92,L12,2022-02-13
+911278666421,+912358454193,344,L14,2022-07-04
07397909442,09915489126,766,L13,2022-11-05
+915904443371,+911422570088,643,L16,2023-10-09
00806911792,1754627811,351,L13,2025-12-11
+914942617974,+910402533516,580,L13,2022-11-24
05738442412,+916260285256,638,L13,2024-04-19
+919116217756,01440281795,721,L13,2023-07-30
+912480543482,03019893024,155,L12,2024-06-30
+910685105885,+919922495422,395,L15,2024-08-26
+914017332760,+916524643328,605,L14,2025-11-10
07397909442,0646320864,191,L12,2024-07-05
+916632859376,00860293164,585,L14,2023-12-06
+913279774365,5937116722,75,L13,2022-12-29
+913970569817,+917095178482,158,L13,2022-08-16
06682596186,+915904443371,733,L14,2022-06-20
07735495506,3152821407,21,L16,2025-06-27
5981963708,05738442412,876,L13,2023-06-02
+911895959995,+911377204389,29,L14,2024-09-29
00806911792,9066248106,249,L14,2025-12-05
05781650615,03593874176,350,L14,2022-03-24
1143445680,+911153515080,474,L12,2025-09-12
3992755330,07396619614,897,L12,2025-07-02
5554619979,07919785417,394,L15,2023-02-13
1405174893,07396619614,693,L15,2023-07-08
3992755330,3152821407,879,L15,2024-05-19
1375513672,4454329400,359,L16,2023-06-20
01179039159,+912164135828,90,L12,2024-07-10
3152821407,+918326713362,887,L12,2024-11-08
07919785417,00220117690,785,L13,2022-08-08
+911422570088,+918964618370,162,L13,2025-03-17
05240973068,+912358454193,14,L14,2022-01-28
+912358454193,+918053048497,164,L15,2025-04-08
01440281795,3992755330,685,L16,2022-08-05
8512139853,1375513672,209,L13,2022-06-16
+910218648716,00743723873,8,L13,2024-06-05
+910361689527,1375513672,401,L16,2023-10-19
01179039159,2357251175,730,L16,2024-10-11
1375513672,+912588340080,754,L16,2025-10-16
+912358454193,+911422570088,194,L12,2024-11-05
+916330394558,+912480543482,274,L16,2022-10-22
02406405843,01179039159,131,L12,2025-12-10
01179039159,9968205431,779,L13,2023-04-12
9960844701,05687847033,308,L15,2025-05-16
+911895959995,01928977360,441,L14,2023-05-29
5554619979,+916614260755,675,L14,2025-10-31
+912164135828,05738442412,68,L15,2022-05-09
09915489126,+918355538922,639,L12,2024-05-30
+917095178482,3318978217,461,L12,2022-01-25
+915904443371,+918380599695,375,L16,2025-11-30
+917095178482,+911422570088,273,L15,2023-10-16
09915489126,2357251175,384,L14,2024-10-20
+917562745092,+915904443371,767,L13,2023-01-25
0646320864,9066248106,366,L15,2024-04-19
+917622376190,+915904443371,820,L15,2024-04-05
+912358454193,+912588340080,161,L15,2022-10-18
5797940050,07919785417,147,L15,2023-10-11
+913279774365,01440281795,414,L12,2024-01-19
9031323230,2357251175,181,L16,2022-11-06
00860293164,+910361689527,21,L15,2024-03-12
05901183152,3992755330,27,L15,2024-10-15
6791721909,05687847033,879,L14,2025-01-30
+916719932760,+914017332760,746,L15,2024-10-19
5389320020,9968205431,504,L12,2025-09-25
09915489126,+912693669801,336,L15,2025-12-16
09649796664,7291389047,536,L13,2024-10-09
5981963708,07919785417,320,L13,2025-07-17
3992755330,+915904443371,638,L16,2024-05-28
8512139853,00220117690,293,L14,2023-11-30
3152821407,+912358454193,383,L15,2025-03-03
+911422570088,1754627811,432,L13,2023-05-20
3173508138,+913939091670,897,L15,2023-10-03
3152821407,02197084677,596,L13,2023-11-10
5377250541,3739349217,805,L16,2025-07-19
6563606777,+916719932760,612,L13,2025-06-02
2357251175,8542099590,581,L12,2024-08-20
+915904443371,+917622376190,398,L16,2022-10-31
+915904443371,+916614260755,478,L14,2025-05-19
+911422570088,1405174893,202,L13,2023-07-20
+918964618370,05240973068,490,L13,2023-05-21
01440281795,+915904443371,849,L15,2025-06-25
+919116217756,3152821407,332,L14,2024-09-19
01787502998,+916614260755,848,L13,2025-08-15
8388286030,03245201232,128,L12,2023-08-29
5554619979,01179039159,823,L14,2024-10-29
8542099590,+918964618370,722,L14,2022-01-23
+911775319685,01031947165,30,L15,2022-03-01
+916330394558,+912588340080,156,L15,2024-07-03
+919116217756,03796181062,781,L12,2023-10-06
7805346187,+912588340080,207,L16,2025-12-17
+912588340080,05738442412,136,L12,2023-10-24
09326585587,+912358454193,570,L14,2024-09-04
7291389047,05687847033,389,L12,2025-01-31
9960844701,+915904443371,861,L14,2022-03-12
+915904443371,+910685105885,45,L12,2024-11-13
+912081240744,1375513672,513,L12,2022-05-11
7291389047,+910402533516,172,L13,2026-01-01
+910218648716,09915489126,370,L12,2023-11-24
+914296431265,0909203877,509,L16,2024-03-31
+911422570088,5981963708,813,L13,2024-03-21
02197084677,+916330394558,217,L13,2024-07-07
01513152874,9658829813,272,L13,2023-04-11
9066248106,+917095178482,29,L13,2022-04-18
+914017332760,07396619614,781,L13,2023-04-22
00743723873,00624939725,332,L15,2023-10-24
+910685105885,+917095178482,24,L14,2024-11-10
07455419767,+917095178482,718,L16,2024-04-29
+911422570088,01179039159,41,L13,2023-03-04
+910466990768,07919785417,723,L16,2022-06-15
+917622376190,+911895959995,853,L15,2022-12-03
+910361689527,+916614260755,647,L14,2025-06-29
05781650615,+918964618370,402,L13,2022-11-24
+910685105885,08869565908,205,L14,2023-11-01
1405174893,01440281795,467,L15,2022-03-01
07735495506,01440281795,529,L13,2024-04-10
05738442412,07396619614,828,L13,2022-08-07
01179039159,+919116217756,770,L13,2023-09-04
5937116722,2357251175,374,L12,2024-08-07
01440281795,+916719932760,868,L13,2023-06-01
+911895959995,+915904443371,226,L14,2023-01-06
+910361689527,00860293164,402,L15,2023-11-02
+912702862510,07735495506,174,L15,2024-10-03
+919116217756,01928977360,688,L12,2023-05-24
02879227893,+910209804374,878,L16,2022-03-05
9066248106,07919785417,285,L14,2022-01-01
1754627811,+918000827127,168,L12,2022-07-19
+918964618370,01440281795,438,L12,2024-02-03
+912164135828,03019893024,309,L12,2022-03-13
+915904443371,+911775319685,824,L12,2023-02-24
+911278666421,3642506870,703,L15,2022-03-04
05738442412,8045261055,747,L15,2023-04-26
+912358454193,01858173651,575,L14,2023-07-14
07919785417,+919116217756,69,L13,2025-11-17
+910361689527,2588421589,391,L12,2022-03-03
07455419767,05687847033,427,L12,2022-12-25
02406405843,9066248106,69,L14,2023-07-30
+912040965640,+910361689527,278,L14,2022-02-19
06682596186,01179039159,711,L12,2024-07-06
03593874176,9066248106,581,L16,2024-06-10
00743723873,+914017332760,242,L14,2022-04-07
+918964618370,03245201232,472,L16,2024-08-25
05738442412,03019893024,385,L16,2025-02-02
01031947165,5554619979,360,L13,2024-04-13
01858173651,+918964618370,360,L13,2023-08-22
2357251175,0909203877,511,L16,2025-10-15
06558860788,06682596186,93,L14,2025-05-18
+910209804374,3992755330,372,L15,2025-08-14
+912588340080,02197084677,701,L12,2022-12-03
3992755330,00425079208,645,L16,2022-10-25
3992755330,01440281795,767,L16,2022-11-23
00624939725,2357251175,215,L15,2025-11-20
+916330394558,5797940050,119,L16,2024-10-23
07396619614,+910402533516,9,L16,2023-06-06
03019893024,05738442412,237,L14,2025-11-01
+914017332760,+915904443371,861,L16,2024-02-04
7805346187,+916614260755,844,L13,2024-03-15
02406405843,1143445680,709,L13,2022-08-06
01440281795,+912588340080,859,L13,2025-11-22
1375513672,2809302877,521,L15,2022-08-09
01031947165,+911422570088,318,L15,2023-05-11
+915904443371,+910361689527,658,L13,2022-07-17
07919785417,07396619614,128,L13,2023-03-01
05687847033,+917095178482,73,L15,2023-06-04
1793612164,5797940050,371,L15,2025-09-16
07919785417,03245201232,356,L14,2024-03-05
+910361689527,05980819939,608,L16,2024-09-06
03796181062,+917095178482,37,L14,2024-10-20
09915489126,08869565908,489,L16,2024-02-25
+918380599695,0992696419,606,L14,2025-06-24
1793612164,+917095178482,32,L12,2024-02-18
06682596186,07450965646,93,L14,2024-08-30
02197084677,+916330394558,746,L12,2025-07-16
+912588340080,1143445680,252,L15,2025-05-21
07396619614,+915904443371,800,L15,2025-12-12
+910361689527,02528090888,15,L13,2025-11-01
03796181062,+917095178482,33,L15,2024-11-02
+911422570088,05738442412,286,L16,2025-11-28
1405174893,2764258363,674,L14,2022-04-10
0646320864,+913939091670,507,L15,2022-12-23
+915301936643,05738442412,302,L14,2025-05-16
05980819939,+913939091670,862,L13,2022-06-07
+914017332760,8542099590,401,L13,2025-09-01
+918380599695,9066248106,192,L14,2023-04-03
+912358454193,+910466990768,510,L15,2023-04-14
3152821407,00860293164,123,L13,2022-07-27
00624939725,9135330926,624,L12,2025-02-26
5389320020,+918964618370,720,L12,2024-05-30
1375513672,3318978217,382,L16,2025-07-24
+912693669801,+912588340080,290,L16,2024-06-12
1375513672,+911422570088,94,L14,2023-06-23
+914017332760,+911895959995,254,L12,2022-10-09
07919785417,+916330394558,196,L13,2025-09-23
1754627811,03593874176,387,L14,2025-02-15
+914017332760,6563606777,677,L16,2023-01-15
+914296431265,+919116217756,242,L13,2023-02-19
8601129452,3642506870,405,L14,2022-01-23
+911422570088,3152821407,120,L14,2024-12-10
0646320864,07919785417,835,L14,2022-10-08
+911278666421,+912358454193,825,L13,2023-03-14
03019893024,+914017332760,224,L13,2022-07-22
1405174893,01440281795,559,L13,2022-05-26
03019893024,+912358454193,153,L15,2022-05-20
+911895959995,+913279774365,584,L13,2022-12-04
01440281795,+914296431265,645,L13,2024-01-11
05687847033,06558860788,775,L12,2024-06-03
+912358454193,5315937580,33,L14,2023-01-30
1405174893,01787502998,892,L13,2023-04-06
+914017332760,1793612164,526,L13,2024-04-12
2991323347,+911895959995,514,L15,2022-06-03
03245201232,5981963708,580,L13,2022-06-23
01234666964,07396619614,289,L14,2024-03-16
+912588340080,3152821407,354,L16,2023-09-14
01787502998,+911278666421,880,L16,2024-08-20
+914017332760,07450965646,864,L16,2025-11-10
+913939091670,2764258363,624,L16,2025-05-12
00624939725,3992755330,713,L14,2024-09-29
+916614260755,02879227893,69,L14,2023-05-31
05415885644,+915580795292,613,L13,2024-11-17
+915904443371,00806911792,250,L13,2025-03-05
09915489126,+915904443371,850,L16,2023-11-18
+917095178482,6493168362,617,L13,2024-05-18
+916524643328,05889263786,147,L14,2025-11-10
01179039159,+913939091670,734,L16,2025-01-16
+915904443371,3152821407,600,L13,2024-12-01
+916260285256,+912081240744,303,L13,2025-07-31
+910361689527,3152821407,855,L13,2023-11-22
5937116722,2357251175,388,L15,2023-05-19
+914017332760,06736519594,586,L16,2024-07-29
3992755330,08869565908,78,L12,2023-06-02
3739349217,2357251175,407,L12,2022-01-07
01179039159,05415885644,511,L16,2024-07-20
+910466990768,6493168362,586,L13,2024-05-11
05781650615,+911377204389,648,L16,2024-09-29
+915606858100,5389320020,325,L13,2022-09-02
05738442412,+918964618370,825,L12,2022-04-22
9968205431,6493168362,566,L14,2025-01-01
00220117690,3241204431,765,L15,2025-11-07
+910361689527,05889263786,585,L12,2022-05-03
8045261055,+912480543482,741,L14,2023-07-22
07104463104,+916719932760,638,L16,2025-05-21
0909203877,09926343033,367,L13,2023-04-30
07919785417,+910466990768,785,L13,2023-03-27
3152821407,05687847033,213,L16,2025-01-14
07919785417,05738442412,589,L14,2025-06-11
2357251175,09326585587,257,L13,2024-04-12
2991323347,09649796664,182,L14,2023-03-28
+915606858100,+913467019505,320,L16,2024-06-10
+912358454193,9968205431,461,L13,2023-03-14
+911826217300,+916330394558,734,L15,2024-06-28
05901183152,5937116722,876,L15,2025-06-13
07919785417,+917562745092,215,L15,2025-10-10
5389320020,+915580795292,355,L12,2023-10-22
07455419767,02879227893,863,L16,2024-06-24
+910361689527,01031947165,84,L15,2025-05-15
05738442412,5618343531,228,L14,2023-10-06
5618343531,8542099590,302,L15,2023-04-18
03245201232,+912588340080,29,L16,2025-11-06
+918319518275,+913939091670,468,L12,2025-12-31
1405174893,09915489126,395,L15,2022-02-11
5389320020,1754627811,439,L15,2022-07-03
08869565908,+916719932760,380,L15,2023-06-17
6791721909,+916719932760,604,L16,2025-08-13
03245201232,2357251175,871,L15,2022-03-16
+918964618370,+911153515080,97,L13,2025-12-19
+910218648716,+913939091670,56,L12,2023-05-28
+916614260755,08869565908,157,L13,2023-08-24
+912358454193,6493168362,195,L15,2023-04-15
+915904443371,+911895959995,242,L16,2022-07-08
9066248106,03019893024,808,L14,2022-12-27
02197084677,3173508138,176,L12,2023-04-29
3152821407,01179039159,734,L12,2022-06-07
01234666964,5285887593,806,L16,2023-01-02
09326585587,+912588340080,784,L13,2024-01-26
5871683548,05415885644,256,L14,2022-01-18
9968205431,+916524643328,530,L16,2022-02-12
07455419767,9066248106,143,L12,2022-12-09
+912588340080,9968205431,252,L14,2025-06-01
2970858880,+912164135828,256,L13,2024-07-20
05738442412,01787502998,48,L15,2022-05-18
+919922495422,7443478080,546,L15,2024-09-30
02197084677,+917106718853,542,L16,2024-08-13
09915489126,01787502998,740,L14,2024-04-09
+916614260755,06558860788,520,L13,2024-10-20
3152821407,+910361689527,619,L14,2024-01-23
01513152874,00806911792,396,L14,2024-02-09
+918964618370,+915904443371,208,L13,2022-02-02
5389320020,01440281795,155,L16,2024-07-10
3152821407,1143445680,669,L15,2023-09-11
+918319518275,07919785417,237,L14,2024-06-18
+914017332760,+912588340080,481,L13,2024-01-31
+912588340080,5981963708,57,L13,2023-05-18
3318978217,2764258363,307,L12,2024-02-06
09915489126,9658829813,674,L12,2024-06-06
03245201232,09915489126,529,L15,2025-02-03
07396619614,+911377204389,872,L12,2024-09-08
09915489126,01179039159,523,L12,2022-12-06
+914910168757,01031947165,733,L14,2025-02-24
+911422570088,+911895959995,650,L14,2024-12-03
07919785417,5618343531,822,L15,2025-06-09
09915489126,+915904443371,381,L16,2022-04-15
0646320864,+910209804374,781,L15,2024-09-25
+917562745092,07396619614,803,L16,2025-01-27
07455419767,01488871984,162,L14,2024-02-13
03019893024,+913770284193,744,L14,2025-07-24
01031947165,+911153515080,206,L16,2022-07-10
1405174893,9960844701,47,L14,2022-04-01
07919785417,4454329400,433,L13,2025-03-11
5981963708,05687847033,160,L16,2024-05-24
+919116217756,+914910168757,220,L12,2022-01-02
05738442412,07396619614,749,L12,2024-09-15
+916719932760,+918326713362,174,L15,2025-10-09
01513152874,+917095178482,836,L16,2023-12-03
+918000827127,+918964618370,485,L16,2023-06-13
+919116217756,5937116722,838,L14,2023-11-09
+916614260755,03019893024,860,L16,2025-04-22
+917095178482,3152821407,801,L13,2023-05-18
2357251175,9031323230,283,L16,2023-11-04
8601129452,6563606777,419,L16,2022-04-16
8601129452,+912358454193,114,L16,2022-10-31
+916719932760,3152821407,259,L13,2024-08-08
09926343033,+913939091670,522,L15,2024-01-14
9135330926,5797940050,344,L12,2023-09-05
2991323347,+918624286751,683,L14,2022-05-16
09926343033,9066248106,420,L13,2024-06-04
+914296431265,09720077636,346,L12,2024-01-29
+915904443371,+914017332760,508,L16,2024-03-22
+910361689527,07104463104,245,L13,2023-08-10
09964165538,05738442412,168,L14,2025-05-09
03796181062,9968205431,108,L12,2022-06-18
3152821407,07919785417,558,L15,2024-05-27
3318978217,05415885644,817,L13,2025-11-29
+914910168757,07919785417,186,L13,2022-03-08
+914942617974,9968205431,700,L14,2025-11-05
03019893024,+916330394558,174,L14,2023-09-27
+911826217300,03593874176,89,L16,2022-03-22
07919785417,2764258363,813,L15,2022-12-15
2357251175,07455419767,278,L14,2025-04-30
02879227893,+916614260755,856,L14,2025-06-08
00624939725,+912588340080,877,L13,2023-06-17
01440281795,+913939091670,103,L16,2024-10-13
+916719932760,01928977360,407,L13,2023-11-25
+913939091670,2357251175,372,L14,2024-11-08
+915301936643,1375513672,415,L13,2024-05-06
3152821407,9968205431,687,L13,2023-10-31
2991323347,3042182703,163,L12,2022-03-17
+911422570088,+915580795292,156,L15,2022-08-09
09326585587,+912081240744,294,L14,2023-11-13
01858173651,+912040965640,450,L12,2024-04-19
07397909442,03019893024,692,L16,2025-02-04
+915904443371,1375513672,489,L12,2025-09-05
+918964618370,1405174893,358,L12,2022-05-16
07396619614,9968205431,263,L13,2024-03-08
2357251175,+912588340080,412,L14,2025-12-23
+912588340080,2357251175,768,L15,2025-12-19
03019893024,06432369684,774,L13,2025-03-06
07919785417,3152821407,261,L12,2024-05-01
+914017332760,+913279774365,156,L13,2022-03-28
+913467019505,01787502998,289,L13,2023-02-19
5981963708,+918380599695,651,L14,2024-01-09
3152821407,+918964618370,7,L15,2022-08-03
+918380599695,+916632859376,211,L13,2023-03-09
3992755330,03019893024,759,L14,2024-10-31
+916614260755,5937116722,609,L16,2025-06-08
01179039159,+918380599695,753,L15,2022-03-22
06682596186,03796181062,302,L15,2025-01-08
9066248106,3992755330,422,L12,2025-04-21
+914017332760,+914344639907,479,L16,2025-05-31
+916719932760,+915904443371,610,L15,2023-04-02
05781650615,05889263786,877,L13,2022-03-21
03019893024,01858173651,409,L12,2023-06-28
+916614260755,07396619614,846,L13,2024-07-09
2588421589,07104463104,82,L16,2023-07-15
2357251175,02197084677,431,L16,2022-02-03
+912358454193,+918355538922,790,L14,2025-08-03
+916524643328,03019893024,513,L13,2025-04-03
+916614260755,02197084677,803,L13,2022-08-26
09926343033,1405174893,748,L13,2023-11-04
02197084677,01179039159,706,L12,2024-05-29
3992755330,+918319518275,496,L12,2022-02-12
4454329400,1143445680,269,L14,2022-12-13
+917095178482,+914296431265,441,L13,2023-02-22
+918964618370,+917562745092,300,L16,2023-09-26
+913939091670,01440281795,83,L12,2022-11-15
9968205431,07919785417,250,L14,2022-05-16
3739349217,8045261055,467,L12,2023-11-23
07455419767,05687847033,552,L16,2024-08-10
8512139853,03019893024,289,L14,2022-06-20
3152821407,09915489126,402,L16,2023-01-23
00860293164,+917106718853,640,L12,2022-06-26
05738442412,3992755330,539,L16,2025-11-13
01179039159,+914910168757,780,L14,2025-07-17
07396619614,9968205431,816,L12,2024-06-04
3152821407,01234666964,417,L13,2023-03-11
01179039159,01440281795,797,L12,2025-04-15
+912480543482,3642506870,859,L15,2025-09-07
+919116217756,+912588340080,334,L14,2025-08-08
01179039159,07396619614,468,L12,2023-01-21
+919116217756,07919785417,685,L14,2024-02-02
+914296431265,05687847033,327,L12,2024-08-07
+919922495422,3241204431,538,L12,2025-02-23
03796181062,+912588340080,571,L14,2025-02-03
+916260285256,2357251175,810,L14,2025-07-30
+918319518275,+916614260755,440,L12,2023-08-24
+912358454193,9066248106,312,L13,2025-09-23
+913939091670,2357251175,161,L14,2023-07-29
9968205431,+911377204389,548,L12,2024-01-16
07455419767,7293535159,421,L12,2022-02-16
+911377204389,+915904443371,733,L13,2022-07-10
07397909442,07735495506,877,L14,2022-07-25
8045261055,+912480543482,791,L14,2023-11-15
5937116722,05738442412,222,L12,2025-04-07
+916719932760,6493168362,866,L16,2025-01-31
+918326713362,+916330394558,734,L16,2025-01-29
+912358454193,02197084677,570,L14,2025-09-09
+911826217300,5618343531,46,L15,2023-10-01
+910218648716,3992755330,763,L13,2022-04-17
+911422570088,1793612164,607,L12,2022-01-09
05889263786,9066248106,833,L15,2024-01-10
02197084677,05781650615,610,L13,2025-02-23
+916330394558,05738442412,669,L12,2025-03-11
01440281795,07919785417,228,L13,2025-12-21
05738442412,8388286030,889,L16,2025-10-29
+913467019505,06558860788,702,L14,2024-12-07
02406405843,+918000827127,867,L15,2023-01-20
02197084677,+911422570088,221,L15,2025-06-09
01179039159,+916614260755,357,L15,2022-10-06
6563606777,02528090888,597,L14,2023-08-13
8542099590,9968205431,132,L15,2025-12-18
08869565908,01787502998,6,L15,2022-08-23
6506161068,1143445680,712,L16,2022-09-20
05738442412,01440281795,127,L13,2025-10-06
4454329400,07396619614,260,L12,2022-04-06
+917095178482,4454329400,228,L12,2023-07-21
2970858880,01440281795,739,L12,2022-08-15
+914296431265,3992755330,462,L13,2022-10-23
+917106718853,3152821407,894,L14,2024-01-26
+912480543482,1405174893,536,L14,2025-10-25
+913950966283,+910361689527,655,L13,2022-10-26
1405174893,01179039159,686,L13,2025-09-18
+914017332760,1793612164,452,L14,2022-04-11
07919785417,+912588340080,67,L15,2022-05-03
+916614260755,+910361689527,118,L13,2023-08-12
01928977360,05738442412,792,L15,2022-01-29
3152821407,+916614260755,605,L14,2024-07-19
+915904443371,+916719932760,210,L14,2025-11-10
05687847033,06682596186,281,L15,2022-11-25
+916719932760,00806911792,22,L15,2023-04-26
1405174893,+912702862510,569,L13,2024-11-09
+915606858100,+912081240744,539,L12,2023-06-06
06736519594,03019893024,823,L15,2023-09-28
07919785417,+919116217756,114,L14,2023-05-10
05604954282,+918319518275,689,L16,2025-02-12
2970858880,2764258363,192,L15,2025-07-09
09720077636,07919785417,25,L16,2023-11-02
5797940050,3992755330,497,L13,2023-02-01
+915606858100,+915904443371,787,L14,2024-05-20
+913939091670,06736519594,209,L15,2025-07-11
+917095178482,06432369684,583,L14,2025-03-01
3241204431,+912588340080,205,L14,2023-05-17
9066248106,3992755330,487,L16,2023-05-09
3992755330,+916719932760,580,L12,2022-02-03
+910402533516,2809302877,241,L12,2024-04-21
+910361689527,+914296431265,761,L12,2022-05-29
+917095178482,+912480543482,456,L13,2022-10-05
7293535159,+916719932760,104,L14,2022-03-16
07919785417,0646320864,128,L16,2023-07-29
05889263786,2809302877,100,L13,2023-11-29
09964165538,+910218648716,261,L16,2025-05-10
3642506870,7805346187,251,L15,2022-04-01
+913939091670,02197084677,678,L12,2025-11-26
09926343033,+914017332760,226,L14,2024-04-23
+911826217300,07455419767,239,L14,2025-03-24
07919785417,+913939091670,370,L16,2024-07-15
+913939091670,07396619614,104,L16,2025-07-08
07919785417,+916947239687,181,L13,2022-11-18
7293535159,+918355538922,205,L13,2023-03-05
4454329400,+912588340080,682,L13,2024-07-09
+918053048497,07396619614,748,L14,2023-02-23
01440281795,+917622376190,311,L15,2025-11-07
5871683548,+911422570088,167,L15,2024-08-28
07919785417,+918964618370,550,L15,2022-12-25
+915606858100,+917562745092,221,L13,2022-05-30
+914296431265,9031323230,721,L14,2022-12-07
+910209804374,+916614260755,610,L14,2025-04-14
5937116722,6791721909,613,L16,2024-12-27
+910361689527,+912588340080,181,L15,2025-06-05
6493168362,+911775319685,224,L13,2022-02-11
5618343531,+918964618370,553,L12,2024-08-10
+915580795292,01513152874,716,L12,2022-09-17
+916719932760,+913939091670,882,L16,2022-08-20
+914017332760,9658829813,599,L13,2025-12-30
9066248106,05738442412,242,L13,2022-09-16
01970861405,+911895959995,626,L12,2025-01-18
2991323347,02197084677,352,L16,2024-12-11
+910218648716,+911775319685,567,L13,2022-10-06
9066248106,07455419767,863,L13,2023-02-25
3152821407,+916719932760,656,L16,2022-07-03
3042182703,+913950966283,437,L16,2025-07-22
+916330394558,+911153515080,476,L14,2022-12-04
+914910168757,3992755330,38,L12,2022-01-24
01234666964,+913939091670,888,L12,2022-03-04
+915904443371,07450965646,832,L16,2025-07-28
+916330394558,+913939091670,497,L15,2022-07-21
3152821407,02197084677,385,L16,2022-04-28
07919785417,05901183152,366,L15,2023-10-03
+917095178482,3152821407,521,L14,2025-08-15
0909203877,+911775319685,92,L13,2025-01-22
03245201232,02406405843,493,L15,2023-08-12
+911895959995,+916524643328,159,L14,2022-12-26
07455419767,3152821407,326,L15,2024-02-17
07396619614,9031323230,31,L16,2022-04-01
9066248106,03019893024,256,L14,2024-02-13
01440281795,+916330394558,746,L14,2024-11-22
+916614260755,5618343531,581,L13,2022-09-09
+914296431265,3152821407,528,L14,2023-04-12
+918964618370,9066248106,322,L16,2022-12-15
+918964618370,07396619614,736,L15,2022-03-22
9066248106,+910361689527,425,L16,2025-05-18
+919116217756,+918053048497,810,L16,2022-02-04
05240973068,00743723873,881,L13,2024-12-12
09326585587,+911422570088,826,L12,2022-04-07
+912358454193,05604954282,546,L16,2022-09-12
+918326713362,7293535159,272,L14,2025-07-05
06682596186,01440281795,565,L15,2024-08-28
+917622376190,8542099590,203,L13,2024-02-14
+916614260755,+911422570088,279,L13,2023-05-12
+917095178482,7291389047,414,L14,2025-06-21
+917106718853,+911895959995,665,L14,2025-10-03
06558860788,6791721909,253,L13,2024-05-09
+918964618370,+917106718853,546,L13,2024-06-01
+912693669801,06432369684,262,L15,2022-06-18
+915580795292,2357251175,303,L15,2025-07-17
6791721909,00860293164,387,L12,2023-08-19
01179039159,3152821407,743,L14,2025-10-15
3992755330,+917095178482,305,L12,2023-01-28
03019893024,+912588340080,320,L14,2024-04-22
+912358454193,+911895959995,839,L16,2024-12-22
00425079208,07919785417,236,L14,2022-08-12
2991323347,+913939091670,536,L14,2023-01-01
3992755330,6563606777,481,L12,2025-06-03
+917095178482,3992755330,301,L12,2025-11-07
+914910168757,+914942617974,214,L13,2023-03-19
+916632859376,2357251175,203,L14,2024-12-13
0646320864,+910209804374,130,L13,2024-03-19
+916330394558,1375513672,470,L15,2024-12-13
+912081240744,3152821407,562,L16,2022-04-09
+912480543482,2991323347,98,L13,2025-07-16
07455419767,+919922495422,664,L13,2023-10-24
07396619614,06558860788,40,L12,2022-06-07
00425079208,09964165538,522,L14,2024-10-14
+914910168757,3241204431,517,L16,2024-04-13
+912040965640,+916614260755,13,L13,2022-01-22
+910361689527,07396619614,835,L16,2022-03-02
+912693669801,05240973068,119,L13,2025-01-30
05687847033,+916614260755,18,L15,2023-05-16
3992755330,01440281795,514,L14,2023-06-25
2357251175,+910502970960,747,L12,2024-04-30
+917622376190,+917095178482,406,L16,2024-01-24
3152821407,+919922495422,64,L14,2022-06-06
07735495506,2357251175,896,L16,2024-12-13
7443478080,02197084677,236,L15,2023-04-19
+916614260755,3992755330,32,L13,2025-04-16
07450965646,06558860788,179,L13,2022-11-19
01787502998,07455419767,80,L15,2023-05-07
+916947239687,3992755330,83,L14,2022-07-08
05415885644,+913939091670,882,L13,2023-08-26
+911895959995,06558860788,770,L14,2022-03-29
01440281795,05240973068,350,L15,2023-05-02
7805346187,07104463104,814,L16,2022-04-05
+913939091670,01513152874,136,L12,2024-05-23
7352778763,3173508138,900,L16,2022-04-24
+910209804374,+918964618370,412,L12,2025-05-29
2357251175,+911153515080,400,L15,2022-11-12
+911422570088,7352778763,222,L13,2022-07-24
+916524643328,08869565908,353,L12,2023-12-30
2357251175,+911895959995,192,L16,2024-06-12
+915606858100,+913970569817,501,L16,2024-05-19
01440281795,7291389047,220,L14,2024-12-10
+914942617974,06682596186,123,L14,2023-05-11
3318978217,07919785417,545,L13,2024-07-05
3992755330,+913467019505,888,L16,2025-09-28
5554619979,+916614260755,422,L13,2022-04-05
+916719932760,+918964618370,746,L12,2022-09-12
+910402533516,+918964618370,712,L12,2025-11-22
01787502998,9066248106,382,L16,2025-03-02
1375513672,3152821407,297,L13,2025-03-21
05415885644,1375513672,468,L16,2023-06-07
3152821407,5618343531,617,L16,2025-12-17
+916524643328,2970858880,389,L14,2025-09-07
05687847033,01440281795,782,L15,2025-05-14
+916330394558,+911895959995,153,L14,2025-01-01
01858173651,01440281795,587,L13,2023-05-24
3992755330,+910402533516,26,L14,2024-10-21
+919116217756,3152821407,882,L13,2023-02-03
05889263786,+915606858100,864,L14,2023-04-02
5315937580,05240973068,445,L16,2024-04-07
+919116217756,7805346187,422,L12,2025-06-28
+913279774365,+912588340080,412,L12,2025-08-04
+912588340080,5981963708,36,L15,2025-08-07
05738442412,+910361689527,580,L16,2023-04-13
01787502998,+915904443371,683,L14,2025-05-18
01440281795,3318978217,537,L16,2022-10-11
07450965646,05687847033,296,L14,2022-01-07
06432369684,5937116722,125,L16,2022-10-19
09649796664,3992755330,567,L15,2022-10-29
6506161068,09915489126,697,L15,2022-10-28
03019893024,+910218648716,568,L16,2024-02-23
1405174893,06558860788,79,L12,2023-03-20
+919116217756,2357251175,105,L13,2025-10-08
+916524643328,3152821407,326,L14,2025-03-16
09720077636,0909203877,262,L14,2023-01-29
2588421589,3042182703,606,L16,2023-09-29
06736519594,3318978217,880,L13,2022-03-02
+914017332760,+916719932760,11,L16,2025-09-29
9031323230,1405174893,403,L12,2022-05-09
01513152874,09720077636,401,L13,2024-10-28
+916330394558,03019893024,838,L14,2025-06-07
07919785417,00860293164,389,L12,2024-12-16
09964165538,+912164135828,305,L16,2025-07-13
+911422570088,7293535159,60,L15,2024-07-17
01234666964,+912358454193,539,L16,2023-02-06
1793612164,01440281795,647,L12,2022-10-22
+918000827127,+916719932760,291,L12,2023-07-08
2809302877,+913770284193,618,L15,2023-07-31
05738442412,1375513672,464,L15,2022-10-14
+911153515080,02528090888,138,L13,2025-05-06
09915489126,+919116217756,99,L15,2024-10-04
+911377204389,+919116217756,621,L14,2022-05-17
07919785417,7805346187,695,L14,2024-12-28
+911422570088,01179039159,212,L13,2024-07-18
+916330394558,4454329400,326,L13,2024-01-03
+910361689527,00425079208,415,L15,2022-08-11
02197084677,+916330394558,15,L13,2023-02-24
+917095178482,+916330394558,172,L15,2022-01-01
8045261055,0909203877,248,L14,2024-11-17
4454329400,07455419767,592,L15,2023-12-08
8512139853,+916719932760,81,L16,2025-09-29
02022520672,05781650615,55,L16,2022-12-12
+915904443371,7291389047,410,L16,2023-08-26
9066248106,2357251175,446,L14,2023-07-19
03593874176,+913508081684,214,L14,2025-10-28
05687847033,2588421589,552,L13,2022-08-10
00806911792,9135330926,516,L16,2025-09-28
05738442412,01179039159,19,L12,2022-11-27
+914344639907,2809302877,608,L13,2025-01-03
+910402533516,01179039159,536,L13,2024-05-09
2970858880,3992755330,854,L16,2024-10-03
5389320020,07450965646,892,L16,2023-04-20
2991323347,01513152874,532,L16,2022-12-29
+917095178482,+915904443371,34,L13,2023-11-25
2970858880,+912588340080,761,L15,2022-02-16
3152821407,6506161068,741,L15,2025-07-27
5618343531,09926343033,126,L15,2024-07-17
+913939091670,5618343531,513,L15,2023-04-29
+911895959995,3152821407,885,L14,2022-02-01
+917562745092,+918964618370,152,L13,2022-06-22
05738442412,01440281795,340,L13,2025-10-12
+916330394558,9960844701,899,L14,2025-09-12
07919785417,3992755330,463,L14,2022-08-03
5618343531,05901183152,79,L13,2024-12-06
+911422570088,+919116217756,340,L15,2025-03-08
+916632859376,+910685105885,45,L16,2025-02-15
+916614260755,+917095178482,245,L16,2024-05-30
09649796664,7443478080,564,L13,2022-02-03
00220117690,00425079208,876,L12,2023-11-09
00743723873,+913939091670,240,L16,2025-09-18
9031323230,+912040965640,738,L14,2025-11-17
+911895959995,+914942617974,138,L16,2023-09-03
3992755330,5554619979,529,L12,2025-02-07
01440281795,01928977360,467,L16,2025-07-06
+911895959995,06682596186,774,L15,2022-03-15
+910218648716,2764258363,245,L15,2025-01-19
1754627811,+914017332760,557,L13,2025-09-06
07396619614,02879227893,286,L12,2024-02-19
06682596186,+911422570088,647,L15,2025-09-21
07455419767,+916614260755,398,L13,2025-01-14
9968205431,2970858880,451,L15,2024-11-01
+912040965640,5871683548,859,L14,2022-09-23
+911895959995,01179039159,772,L16,2022-03-20
+915904443371,+916614260755,413,L13,2025-08-10
+917095178482,3152821407,382,L14,2022-04-17
+917622376190,03019893024,893,L15,2024-01-09
1405174893,+918053048497,707,L16,2024-07-24
07396619614,+917095178482,176,L16,2023-07-27
05738442412,3642506870,877,L14,2024-02-07
05604954282,05415885644,407,L16,2024-08-01
9960844701,7291389047,851,L14,2025-06-06
01179039159,+918319518275,141,L16,2025-10-31
7293535159,9968205431,813,L13,2024-03-12
+912358454193,01179039159,591,L14,2022-07-31
5618343531,+911775319685,705,L14,2025-10-25
01179039159,+911153515080,744,L13,2024-09-16
+918326713362,3992755330,176,L13,2025-03-24
5618343531,6506161068,894,L13,2025-11-23
3992755330,09649796664,707,L12,2024-01-28
+916719932760,+914910168757,521,L16,2022-08-06
1375513672,+918964618370,31,L15,2025-08-15
+911895959995,8388286030,875,L14,2025-02-18
07919785417,+915904443371,504,L14,2025-10-24
05687847033,+916719932760,203,L16,2023-09-20
+916260285256,+917095178482,529,L12,2025-03-27
09926343033,8045261055,497,L15,2025-05-11
05738442412,01179039159,858,L14,2025-12-14
+910466990768,5285887593,43,L14,2022-06-26
+910361689527,+915904443371,338,L15,2023-08-25
+915606858100,05687847033,212,L13,2022-08-08
+918000827127,+918964618370,224,L15,2024-05-09
+918000827127,1793612164,104,L15,2023-05-03
1754627811,+915904443371,21,L14,2025-06-25
00743723873,05901183152,890,L12,2025-08-10
01928977360,+918380599695,94,L14,2022-03-14
05738442412,1405174893,546,L16,2022-09-07
+916614260755,+919116217756,624,L15,2022-09-27
07919785417,+918964618370,245,L16,2024-11-19
+919116217756,+916524643328,416,L13,2022-11-30
7805346187,+919116217756,833,L15,2024-05-26
9066248106,+915904443371,796,L16,2025-04-10
+914296431265,+910685105885,556,L14,2024-06-24
02022520672,05738442412,509,L14,2025-12-17
+911895959995,+911377204389,690,L16,2023-07-27
01440281795,+918355538922,437,L14,2024-01-15
3152821407,9968205431,299,L16,2022-12-31
00220117690,06432369684,126,L15,2022-06-19
+912702862510,07919785417,876,L12,2022-01-13
9066248106,3152821407,386,L13,2025-08-02
0646320864,+914344639907,79,L13,2023-04-30
01440281795,05687847033,851,L14,2022-08-26
+912358454193,+911422570088,10,L14,2023-10-26
+914017332760,+911895959995,653,L15,2025-07-20
+919116217756,05738442412,107,L14,2023-08-05
01928977360,+911895959995,636,L15,2024-02-24
0646320864,03593874176,507,L15,2022-10-23
06682596186,+913939091670,232,L15,2024-05-16
3318978217,3152821407,741,L15,2023-08-23
05901183152,07919785417,380,L13,2024-11-21
+911278666421,7443478080,76,L13,2024-12-12
3152821407,05738442412,561,L13,2022-08-05
01179039159,+911422570088,209,L13,2025-05-27
+914344639907,01440281795,646,L16,2023-09-17
+910218648716,1405174893,13,L16,2022-07-04
+918319518275,+911775319685,168,L16,2023-02-22
+912588340080,07919785417,174,L15,2024-08-23
+911895959995,+916330394558,471,L13,2022-12-29
5377250541,+914017332760,333,L14,2023-06-18
+919116217756,05781650615,143,L13,2024-02-16
+912358454193,3173508138,338,L16,2022-10-19
+916330394558,2357251175,880,L15,2025-10-03
1405174893,03019893024,251,L15,2022-07-29
9066248106,+912358454193,740,L12,2024-06-19
01440281795,05738442412,473,L13,2025-11-08
01179039159,3152821407,750,L16,2023-03-21
03019893024,3739349217,862,L14,2022-03-01
05738442412,5871683548,585,L13,2025-06-13
9135330926,+917622376190,108,L14,2024-05-24
03019893024,0646320864,660,L13,2023-09-13
02197084677,01031947165,175,L14,2023-10-28
1375513672,+918319518275,596,L13,2025-01-11
+915904443371,7352778763,278,L12,2024-05-05
+914017332760,01440281795,759,L13,2024-10-06
05738442412,9960844701,258,L16,2022-02-10
3992755330,+912358454193,596,L16,2024-10-17
1375513672,01513152874,462,L16,2025-05-21
+913770284193,01179039159,183,L12,2024-06-20
05738442412,3992755330,687,L15,2025-05-05
+911153515080,9658829813,741,L13,2022-08-19
07455419767,2809302877,339,L16,2022-10-11
1793612164,00860293164,536,L13,2023-05-13
3042182703,2357251175,775,L13,2022-07-21
3152821407,2588421589,814,L16,2022-04-22
01179039159,07396619614,50,L16,2023-06-28
+914017332760,2357251175,707,L16,2024-08-11
07455419767,+912358454193,453,L13,2023-12-17
+913939091670,+912081240744,386,L16,2025-09-28
09915489126,+913508081684,552,L12,2024-03-18
3152821407,2764258363,814,L13,2022-03-24
07919785417,09720077636,246,L12,2024-03-05
2357251175,9968205431,592,L12,2023-10-19
+912588340080,09915489126,897,L13,2022-11-30
+912358454193,+919116217756,893,L12,2022-07-11
05240973068,01440281795,176,L14,2025-04-16
03019893024,+910218648716,208,L14,2024-09-05
03019893024,5554619979,202,L16,2022-04-27
2357251175,9658829813,595,L15,2024-05-01
+916330394558,+913939091670,516,L16,2022-07-10
3739349217,01031947165,54,L13,2025-07-20
+918355538922,01513152874,166,L15,2022-08-30
02528090888,0909203877,147,L12,2022-04-20
01787502998,3642506870,96,L12,2022-08-26
1405174893,+912693669801,190,L12,2022-03-27
+918053048497,07396619614,144,L16,2023-12-04
+911153515080,05415885644,207,L13,2025-06-29
07396619614,2970858880,446,L14,2024-02-18
+910361689527,07919785417,188,L14,2024-07-21
05240973068,+910402533516,787,L13,2023-08-01
+911826217300,01928977360,813,L15,2025-02-17
+913970569817,7291389047,350,L16,2022-01-18
03019893024,+911377204389,158,L14,2025-05-06
+918964618370,07919785417,847,L13,2025-04-26
+913939091670,+918964618370,363,L12,2024-02-19
2357251175,5554619979,6,L16,2023-03-16
+910502970960,00220117690,716,L15,2025-04-09
2357251175,05240973068,239,L12,2024-07-18
7291389047,01179039159,372,L14,2025-01-30
02197084677,1405174893,785,L13,2022-09-24
9968205431,+910630887425,81,L12,2022-11-16
7291389047,+914017332760,60,L12,2024-05-15
+918964618370,05738442412,241,L15,2025-02-15
6493168362,05738442412,639,L15,2022-05-06
+912040965640,06682596186,446,L16,2024-05-22
07919785417,+916719932760,134,L16,2023-07-31
01440281795,5377250541,355,L14,2023-10-17
00743723873,6791721909,705,L12,2025-07-17
+916719932760,1375513672,297,L13,2022-03-08
+911422570088,07919785417,376,L15,2024-04-10
+919116217756,+916524643328,467,L15,2024-01-25
2809302877,+915904443371,71,L15,2024-01-30
6506161068,05240973068,361,L14,2024-02-01
0992696419,05738442412,257,L15,2023-05-30
9968205431,00624939725,834,L15,2023-05-30
9031323230,8045261055,573,L12,2022-05-02
3152821407,+911895959995,44,L12,2023-03-01
3152821407,5554619979,427,L13,2025-02-08
+911826217300,2588421589,786,L15,2022-07-04
05738442412,+911895959995,562,L16,2022-01-27
+911826217300,+917106718853,380,L12,2024-07-06
3042182703,07396619614,742,L14,2022-08-10
1375513672,+912588340080,205,L12,2024-11-07
06558860788,+910402533516,60,L13,2024-08-04
3992755330,+916632859376,837,L14,2023-08-13
+916632859376,00743723873,508,L13,2023-09-07
3152821407,05738442412,725,L12,2023-02-07
07919785417,5389320020,362,L16,2024-12-24
+917095178482,1754627811,725,L16,2024-05-29
08869565908,07396619614,128,L12,2025-02-23
3992755330,01488871984,827,L16,2023-02-15
00916559505,2357251175,455,L15,2023-06-05
05889263786,5389320020,157,L14,2022-06-11
0646320864,+916614260755,855,L15,2022-10-11
07919785417,9066248106,277,L15,2024-04-05
05980819939,+915904443371,343,L16,2025-07-07
07919785417,+911422570088,124,L15,2022-04-14
6506161068,03019893024,132,L12,2023-06-01
07919785417,03019893024,604,L16,2023-04-29
+916524643328,02197084677,845,L14,2025-02-26
2970858880,+915904443371,688,L12,2025-12-20
+915904443371,05738442412,266,L16,2025-06-04
07455419767,3152821407,309,L16,2025-08-17
2357251175,07397909442,409,L16,2025-05-26
+913279774365,01440281795,668,L13,2022-05-14
+912588340080,+913770284193,128,L15,2024-04-29
07735495506,1143445680,109,L15,2024-04-21
8388286030,3042182703,501,L12,2023-08-11
+914017332760,+919116217756,259,L13,2023-04-23
+911153515080,5389320020,220,L16,2025-11-11
+917095178482,+910502970960,601,L12,2025-03-10
03593874176,1754627811,20,L14,2022-05-18
05738442412,07104463104,681,L12,2022-10-13
+910361689527,9066248106,476,L13,2025-01-12
+912693669801,02528090888,866,L12,2022-11-21
01440281795,03019893024,270,L16,2022-07-14
3173508138,3152821407,245,L16,2024-01-27
2970858880,+910502970960,803,L15,2025-04-12
5377250541,3318978217,90,L12,2024-06-29
+918355538922,+916614260755,645,L14,2025-04-18
09926343033,+911895959995,839,L16,2022-05-25
09926343033,2809302877,316,L13,2024-12-31
05738442412,8512139853,369,L16,2024-12-04
7293535159,+916719932760,455,L14,2024-11-04
5389320020,07919785417,181,L12,2022-05-07
+910630887425,9066248106,490,L15,2023-10-18
03019893024,05687847033,189,L15,2023-01-22
+919116217756,8601129452,417,L12,2022-07-07
05415885644,+911895959995,516,L16,2025-10-13
06736519594,05738442412,691,L16,2024-05-17
00806911792,05901183152,748,L16,2024-03-14
3173508138,+917095178482,873,L12,2024-09-04
5285887593,6506161068,239,L12,2026-01-01
+910630887425,3152821407,814,L15,2025-04-04
8045261055,05980819939,511,L13,2025-02-04
05738442412,01928977360,832,L16,2025-11-16
+919116217756,3992755330,391,L12,2023-12-27
05240973068,+912588340080,822,L15,2025-09-10
05738442412,01440281795,624,L14,2024-05-13
05687847033,+918964618370,564,L14,2023-05-25
7805346187,07104463104,277,L16,2024-07-16
+915904443371,+911422570088,16,L16,2022-11-10
3992755330,1405174893,168,L16,2023-12-30
+911153515080,05687847033,421,L16,2023-07-18
02197084677,07919785417,592,L14,2023-03-31
07455419767,02879227893,451,L14,2022-10-09
9960844701,05901183152,775,L15,2024-12-15
07735495506,+911422570088,27,L12,2025-06-30
+916330394558,+911422570088,854,L16,2022-08-20
2809302877,03593874176,259,L16,2024-01-03
01440281795,05738442412,845,L15,2023-02-23
+915606858100,+910361689527,741,L12,2024-04-14
3992755330,+911377204389,49,L14,2023-06-06
+919116217756,3241204431,345,L12,2025-12-05
9658829813,09915489126,290,L15,2023-09-11
01031947165,09326585587,104,L14,2024-05-28
01440281795,+912358454193,718,L14,2023-08-16
07396619614,+919116217756,416,L15,2022-05-10
+910685105885,+914017332760,770,L16,2022-05-14
00220117690,+910630887425,556,L16,2025-03-19
01440281795,02197084677,751,L15,2022-01-06
+912588340080,02197084677,104,L12,2023-07-11
+913950966283,+914296431265,873,L13,2022-08-03
05687847033,+918624286751,408,L15,2025-07-07
00860293164,02197084677,636,L16,2025-09-20
+918053048497,+918326713362,720,L15,2025-04-06
+913939091670,02197084677,324,L15,2024-11-03
+919116217756,+913939091670,892,L14,2022-07-04
3992755330,+911775319685,326,L12,2025-09-13
8045261055,02879227893,744,L13,2025-05-11
+911422570088,+913939091670,494,L13,2024-01-10
+913939091670,1405174893,716,L14,2022-04-02
8045261055,+914017332760,437,L12,2025-10-30
+916719932760,+910502970960,775,L15,2025-02-11
+910361689527,+915904443371,425,L13,2025-12-23
+911826217300,01858173651,340,L16,2024-02-02
9066248106,+914017332760,55,L16,2022-02-20
03019893024,2970858880,831,L14,2022-10-06
+916614260755,01858173651,188,L14,2022-04-07
+911278666421,01488871984,703,L16,2023-07-16
09964165538,07104463104,425,L14,2022-04-13
3152821407,+911775319685,19,L14,2023-09-29
0992696419,+918964618370,779,L14,2024-06-26
+916614260755,07396619614,466,L14,2023-09-24
3739349217,01179039159,523,L12,2025-05-31
0992696419,2991323347,806,L14,2024-01-27
3152821407,+915580795292,807,L13,2022-09-25
+918380599695,3992755330,301,L12,2022-04-21
2588421589,3992755330,627,L13,2023-12-12
09926343033,07919785417,696,L13,2024-05-21
9968205431,+916260285256,160,L13,2023-08-26
06682596186,3152821407,443,L15,2024-09-06
+915904443371,+919922495422,328,L12,2025-06-09
1405174893,+910402533516,186,L12,2023-07-30
+910218648716,9658829813,877,L14,2024-10-27
+916614260755,+911895959995,402,L12,2022-05-03
+911153515080,09720077636,20,L15,2022-08-10
6506161068,+911377204389,497,L15,2025-12-27
+914910168757,00220117690,900,L13,2022-06-12
02406405843,+917622376190,371,L12,2024-06-28
07397909442,+916947239687,143,L14,2024-04-16
9968205431,01440281795,440,L13,2022-06-05
+918000827127,+911278666421,59,L16,2023-02-22
05604954282,5554619979,495,L13,2023-12-02
07104463104,+913939091670,752,L16,2024-03-01
9066248106,02197084677,843,L13,2025-07-25
+918964618370,05781650615,531,L14,2022-12-25
00220117690,+917095178482,716,L16,2023-04-22
+915904443371,05604954282,821,L12,2023-07-04
07396619614,3173508138,265,L14,2023-09-18
01928977360,+912588340080,762,L13,2022-10-26
9968205431,+916330394558,148,L13,2023-02-01
05415885644,+912702862510,297,L16,2025-01-05
+917562745092,+918355538922,508,L16,2025-10-29
+918355538922,+911377204389,466,L15,2024-06-16
+917562745092,2991323347,305,L13,2025-08-14
+914017332760,07396619614,893,L16,2025-02-10
1405174893,05738442412,79,L14,2024-08-30
1375513672,03019893024,67,L16,2022-05-18
3152821407,06682596186,851,L14,2022-03-27
3992755330,01440281795,38,L16,2024-03-02
03593874176,09720077636,337,L16,2025-01-21
05687847033,5285887593,239,L13,2023-11-09
+917622376190,07919785417,883,L12,2025-12-04
+911895959995,1375513672,410,L15,2024-06-21
07455419767,+911895959995,73,L14,2024-05-20
+913279774365,6493168362,265,L14,2025-10-04
+911775319685,05980819939,850,L13,2024-12-24
2357251175,+914344639907,709,L15,2022-05-16
07735495506,+910361689527,726,L12,2025-02-05
07919785417,+913939091670,778,L14,2025-10-03
2991323347,+910502970960,155,L15,2025-01-04
06432369684,+911895959995,266,L15,2025-01-08
3152821407,+919116217756,440,L16,2025-04-15
+911895959995,5871683548,787,L16,2025-11-15
+911422570088,+914910168757,327,L16,2024-09-12
1375513672,05687847033,112,L15,2023-07-16
+917095178482,08869565908,243,L12,2022-03-16
+912358454193,+912702862510,558,L14,2024-02-20
05738442412,4454329400,213,L13,2025-02-14
03796181062,05738442412,246,L16,2023-05-03
3152821407,05901183152,120,L16,2025-08-16
07455419767,1405174893,841,L16,2022-11-18
+910361689527,05738442412,892,L12,2024-11-20
1375513672,+919116217756,222,L13,2022-12-10
8512139853,2357251175,20,L13,2023-01-15
05738442412,07919785417,69,L16,2025-11-17
1405174893,9031323230,122,L12,2022-04-03
+911895959995,01440281795,692,L15,2025-02-17
1375513672,8512139853,565,L14,2022-06-21
01179039159,1405174893,100,L12,2023-08-15
00425079208,+913508081684,571,L14,2023-08-16
+916330394558,+911895959995,53,L14,2024-09-15
5797940050,0909203877,881,L13,2025-02-01
01179039159,+915904443371,892,L14,2025-04-20
05687847033,3152821407,40,L13,2022-01-08
+918355538922,03593874176,473,L13,2024-04-07
07919785417,2357251175,290,L16,2023-11-06
1405174893,05687847033,344,L12,2022-02-10
5389320020,6563606777,689,L15,2024-03-09
5285887593,+911422570088,667,L14,2024-03-15
8601129452,+916330394558,97,L13,2025-12-12
+912702862510,07919785417,462,L14,2025-01-14
+911826217300,02879227893,610,L16,2023-07-05
+912588340080,+916614260755,20,L16,2024-01-23
+911153515080,07104463104,566,L14,2023-02-19
02197084677,1405174893,748,L16,2025-03-08
+918624286751,05738442412,626,L12,2024-07-29
+916614260755,02197084677,576,L16,2025-02-11
3318978217,+919116217756,488,L15,2024-12-19
5315937580,+911422570088,36,L16,2024-01-30
07104463104,+918964618370,869,L16,2022-06-08
+912588340080,1405174893,714,L13,2025-05-02
09326585587,3173508138,140,L14,2024-06-02
+912588340080,06682596186,539,L16,2025-03-28
05687847033,01179039159,20,L12,2023-09-12
02197084677,07919785417,590,L13,2024-01-25
7352778763,3152821407,374,L16,2023-11-19
+915904443371,8388286030,476,L15,2024-09-23
+914942617974,+916330394558,770,L15,2022-10-10
02022520672,07735495506,807,L12,2022-06-02
02197084677,3152821407,665,L13,2025-02-03
+912164135828,09649796664,611,L13,2024-04-04
5389320020,05738442412,149,L15,2025-05-20
3992755330,0646320864,465,L14,2022-04-20
+912081240744,+918964618370,140,L16,2022-08-04
09915489126,+915301936643,502,L14,2022-04-03
5389320020,07455419767,7,L13,2025-03-29
09326585587,+912358454193,513,L16,2022-01-01
07919785417,5554619979,69,L15,2025-07-18
+916719932760,1375513672,355,L14,2024-04-19
1793612164,+912588340080,221,L14,2022-10-06
9968205431,+912588340080,186,L13,2024-10-27
+911278666421,09964165538,743,L12,2023-07-28
9066248106,+914017332760,672,L13,2024-11-24
05738442412,+911775319685,468,L12,2023-05-08
+919922495422,5797940050,403,L14,2025-01-15
07919785417,+911422570088,810,L16,2023-12-21
01440281795,0909203877,65,L12,2022-07-07
2970858880,+912480543482,630,L15,2022-12-31
+910209804374,+915606858100,840,L12,2025-09-07
+915904443371,05980819939,770,L14,2022-03-31
+916719932760,2357251175,817,L12,2024-06-21
2357251175,+919922495422,49,L15,2022-03-09
+911422570088,07104463104,326,L12,2025-10-25
07919785417,+914017332760,722,L12,2025-08-31
+914344639907,2970858880,324,L14,2025-02-24
+913939091670,+916719932760,666,L16,2022-10-16
+911895959995,+914296431265,573,L13,2025-03-19
+912358454193,02528090888,139,L14,2025-05-03
6493168362,+912588340080,123,L12,2024-04-26
06432369684,3152821407,532,L15,2022-10-17
+910361689527,+915904443371,556,L13,2022-06-19
5377250541,+917106718853,77,L14,2022-03-14
3992755330,5871683548,798,L16,2025-02-23
5618343531,+917095178482,75,L14,2024-08-17
+910361689527,+917622376190,814,L15,2024-01-08
08869565908,+917562745092,848,L14,2023-05-11
+912358454193,05901183152,547,L15,2022-05-04
+912358454193,09720077636,450,L15,2022-03-21
1754627811,6506161068,229,L14,2023-05-30
07397909442,07455419767,565,L13,2023-09-14
+915904443371,+916719932760,821,L14,2025-07-15
06558860788,00624939725,53,L14,2023-11-09
9066248106,2357251175,288,L12,2025-12-14
9960844701,+912588340080,348,L12,2023-12-23
+918964618370,2588421589,215,L13,2025-03-02
+918000827127,07919785417,39,L14,2025-01-12
5377250541,+915904443371,48,L14,2024-10-07
+918355538922,03019893024,619,L13,2022-07-28
+911826217300,+916330394558,107,L16,2024-08-05
7352778763,3241204431,708,L13,2022-02-09
3992755330,+915301936643,460,L15,2025-10-28
9066248106,1375513672,177,L12,2025-07-22
06558860788,+918624286751,244,L14,2023-10-08
+913939091670,+916330394558,186,L12,2022-01-02
03019893024,05738442412,326,L14,2025-03-04
+912358454193,+911422570088,166,L12,2024-05-05
+916330394558,8045261055,224,L14,2023-01-10
3739349217,03019893024,707,L14,2025-04-19
+913770284193,05889263786,352,L15,2022-03-07
01928977360,8388286030,509,L15,2022-07-24
1375513672,9968205431,479,L16,2025-05-03
9066248106,09915489126,765,L14,2025-04-23
01440281795,+918326713362,687,L12,2022-05-15
07919785417,1405174893,698,L13,2025-06-27
+916632859376,01234666964,17,L16,2023-02-21
+916260285256,6493168362,134,L13,2022-03-06
05980819939,07455419767,720,L12,2023-08-06
+911422570088,8601129452,633,L13,2022-07-12
+914910168757,3992755330,635,L13,2025-06-16
06432369684,09915489126,783,L14,2023-05-14
+913939091670,3992755330,51,L15,2024-01-11
06682596186,+919116217756,596,L12,2022-01-27
2588421589,05980819939,849,L12,2025-01-26
+911422570088,1405174893,454,L14,2024-09-04
9066248106,+913939091670,252,L16,2024-09-07
5285887593,+917095178482,738,L13,2023-03-23
+919116217756,+914942617974,599,L14,2025-12-02
+912358454193,07919785417,407,L15,2024-10-02
1405174893,9968205431,165,L14,2023-11-16
07919785417,05738442412,361,L12,2022-01-23
07455419767,+912702862510,325,L13,2023-06-07
3318978217,05738442412,113,L16,2024-07-29
08869565908,+910466990768,647,L16,2023-01-18
1375513672,05901183152,813,L14,2023-03-30
3992755330,3241204431,20,L16,2022-03-07
07396619614,2809302877,436,L12,2025-10-18
09915489126,07919785417,787,L16,2025-01-12
+918326713362,+911895959995,253,L13,2022-01-29
5937116722,01513152874,398,L15,2024-03-15
+916719932760,+919922495422,11,L14,2023-07-31
8388286030,2764258363,472,L16,2023-11-16
+919116217756,+911377204389,466,L16,2023-10-25
+912358454193,+916330394558,612,L15,2025-04-30
+915904443371,9960844701,241,L15,2023-05-08
+917095178482,+917622376190,821,L13,2022-01-18
+912588340080,09915489126,196,L14,2022-06-09
07919785417,+910502970960,6,L12,2024-06-30
+916330394558,09915489126,170,L16,2023-04-08
07919785417,01179039159,722,L12,2022-12-11
01440281795,09649796664,681,L12,2022-12-17
09915489126,9658829813,809,L16,2022-09-12
2970858880,+914017332760,9,L14,2025-11-06
+919116217756,9031323230,796,L16,2022-08-18
5389320020,+916614260755,345,L16,2025-01-31
+916330394558,6506161068,325,L15,2025-03-11
+913939091670,+912588340080,725,L12,2025-11-15
1405174893,+911895959995,730,L14,2022-04-14
00425079208,+914017332760,788,L16,2025-12-03
+912358454193,+911422570088,389,L13,2025-05-31
+911895959995,+910466990768,181,L14,2024-11-08
3992755330,+917622376190,892,L12,2022-04-20
03593874176,00624939725,744,L13,2024-09-03
07919785417,05738442412,223,L14,2025-06-13
+916614260755,+913970569817,863,L13,2023-04-14
03019893024,5871683548,263,L14,2022-07-01
6493168362,+913279774365,675,L13,2023-03-09
2764258363,+912358454193,770,L12,2022-08-13
5797940050,00743723873,373,L16,2025-03-28
1375513672,+913939091670,694,L12,2022-09-17
00220117690,01440281795,56,L13,2023-07-22
+916719932760,4454329400,739,L15,2024-06-17
09915489126,07397909442,717,L13,2022-07-31
+918964618370,01179039159,800,L16,2022-09-25
+910218648716,3992755330,53,L14,2024-04-13
9960844701,07919785417,849,L14,2022-04-28
1375513672,+910502970960,853,L15,2024-06-20
+912588340080,2588421589,603,L16,2022-07-16
+916614260755,4454329400,77,L12,2025-11-01
01440281795,+914910168757,96,L12,2024-05-01
+912588340080,1405174893,627,L13,2022-03-25
+910466990768,8388286030,228,L12,2022-09-02
05781650615,9968205431,764,L14,2025-01-13
+911422570088,1405174893,171,L16,2022-11-05
+916330394558,+912358454193,126,L15,2024-05-09
07919785417,9066248106,420,L14,2025-02-15
+916632859376,5981963708,407,L12,2024-08-01
1405174893,+913939091670,161,L16,2022-06-22
+911895959995,9960844701,375,L14,2022-05-04
+910466990768,05240973068,807,L14,2023-06-06
03019893024,+913770284193,446,L13,2024-03-12
+917095178482,01787502998,198,L16,2023-04-06
5981963708,07919785417,667,L15,2025-05-23
05738442412,01179039159,871,L15,2022-12-12
+919922495422,+917622376190,125,L14,2022-07-01
+916632859376,08869565908,809,L13,2024-04-21
+911278666421,7293535159,675,L14,2025-02-10
5285887593,05901183152,700,L16,2024-11-20
01440281795,8388286030,551,L16,2024-10-06
1793612164,+918053048497,762,L15,2025-06-29
3042182703,+913467019505,323,L12,2025-12-27
03019893024,+919116217756,394,L13,2023-06-24
01179039159,3992755330,250,L14,2022-10-02
00860293164,+912480543482,196,L12,2024-01-19
+918964618370,+913508081684,256,L13,2023-06-18
1793612164,07396619614,711,L12,2023-05-09
+916330394558,05687847033,873,L16,2025-10-01
07455419767,07396619614,741,L14,2023-07-01
+912358454193,05240973068,404,L16,2025-11-13
+917095178482,07455419767,820,L15,2024-07-17
0646320864,2809302877,821,L14,2023-07-04
00860293164,+918964618370,250,L14,2024-06-13
+919116217756,+914910168757,282,L15,2024-03-15
07397909442,+910502970960,519,L12,2024-02-22
07104463104,01970861405,134,L13,2022-06-11
3992755330,+918964618370,553,L12,2025-11-29
2970858880,2764258363,638,L16,2023-09-20
+916330394558,3992755330,783,L16,2024-03-28
7291389047,3152821407,385,L15,2025-03-25
2588421589,9968205431,191,L13,2022-08-20
07919785417,+912358454193,287,L13,2022-10-07
+918964618370,1375513672,126,L13,2023-06-29
1405174893,05415885644,297,L14,2022-04-18
01440281795,+910466990768,258,L15,2022-11-19
2357251175,8601129452,329,L13,2023-09-25
+912040965640,9066248106,585,L13,2024-04-25
03019893024,+912588340080,111,L12,2025-10-26
07396619614,01440281795,753,L15,2022-09-07
7352778763,2357251175,176,L12,2022-10-18
+916330394558,+918000827127,462,L16,2022-07-09
+912164135828,6791721909,376,L14,2025-09-09
7293535159,05738442412,522,L14,2024-08-01
5285887593,+917095178482,700,L12,2024-10-17
8045261055,01179039159,172,L12,2025-08-20
+913939091670,02528090888,354,L13,2022-10-30
00806911792,+912588340080,140,L15,2025-03-28
00916559505,+915904443371,197,L15,2023-02-04
07919785417,6493168362,68,L12,2025-08-15
2764258363,01440281795,370,L15,2022-11-09
05415885644,+911422570088,381,L16,2023-10-29
03019893024,9066248106,30,L15,2022-11-08
9968205431,05738442412,136,L14,2022-05-15
01179039159,+912588340080,872,L12,2023-02-04
05980819939,01787502998,237,L12,2025-03-20
+916524643328,+916719932760,412,L12,2024-12-19
07455419767,05738442412,40,L12,2023-02-11
01179039159,+918624286751,364,L13,2025-12-23
+911895959995,1405174893,743,L16,2022-02-24
01440281795,02406405843,651,L13,2024-09-19
3992755330,+912040965640,635,L13,2023-12-23
9658829813,3042182703,159,L15,2025-08-03
+916719932760,02879227893,539,L16,2025-05-20
05738442412,7443478080,878,L13,2024-08-28
5315937580,+916719932760,237,L15,2024-05-16
+916330394558,09915489126,40,L15,2024-08-19
+910218648716,9066248106,475,L16,2022-04-04
01179039159,01787502998,811,L16,2022-09-05
3152821407,05687847033,209,L12,2024-02-20
+911826217300,07455419767,164,L12,2024-03-22
09915489126,9968205431,848,L13,2025-02-07
2809302877,+919116217756,578,L13,2025-07-18
1375513672,06682596186,509,L15,2025-09-26
2764258363,+911153515080,551,L15,2023-06-13
+914017332760,+915904443371,776,L13,2023-06-22
01031947165,09720077636,226,L13,2025-11-15
7291389047,05738442412,734,L12,2024-11-07
01440281795,+910685105885,304,L13,2023-06-04
09915489126,+914910168757,883,L13,2025-03-05
1375513672,03019893024,706,L13,2025-07-16
05738442412,06432369684,419,L15,2022-04-28
05738442412,5937116722,350,L14,2023-03-09
03019893024,5377250541,253,L15,2025-07-25
+912358454193,+918319518275,880,L12,2025-08-19
+916614260755,06736519594,705,L14,2024-10-04
+912693669801,+913508081684,502,L14,2025-10-02
+916719932760,+919116217756,317,L16,2022-09-07
+915904443371,07919785417,680,L13,2022-05-27
01234666964,05738442412,681,L16,2022-04-28
3152821407,03019893024,239,L15,2025-03-15
03019893024,1405174893,326,L15,2023-07-21
9066248106,+915904443371,587,L13,2022-05-29
7805346187,03019893024,382,L15,2022-06-27
09720077636,5285887593,84,L14,2025-03-05
3992755330,06736519594,588,L12,2025-10-05
02406405843,+918964618370,221,L14,2025-04-25
+912588340080,07455419767,829,L12,2023-01-14
+914017332760,07919785417,145,L14,2022-02-07
05738442412,+912480543482,687,L12,2022-01-31
+918624286751,01440281795,103,L12,2022-10-06
05901183152,+911422570088,211,L13,2025-03-16
0909203877,07104463104,640,L15,2024-04-06
+916614260755,01440281795,420,L16,2022-03-16
8388286030,+914017332760,80,L15,2022-12-04
07455419767,+914017332760,86,L13,2025-05-17
4454329400,01440281795,696,L15,2022-02-27
06432369684,+913939091670,548,L16,2024-12-31
+914017332760,02197084677,365,L13,2023-05-01
7352778763,+917095178482,720,L14,2025-11-20
+910361689527,07735495506,650,L14,2024-02-22
+915904443371,07396619614,529,L16,2025-10-08
01440281795,05738442412,132,L12,2022-10-24
6791721909,0646320864,365,L14,2022-02-18
+914017332760,1405174893,294,L15,2025-02-27
3152821407,01928977360,12,L12,2025-12-27
07919785417,5797940050,579,L15,2024-08-08
+915904443371,02197084677,785,L15,2024-06-10
00916559505,2970858880,612,L14,2024-07-10
+910209804374,+916330394558,840,L15,2023-02-17
05889263786,05980819939,39,L14,2023-06-11
07396619614,06558860788,366,L13,2023-10-07
+912588340080,07396619614,761,L14,2024-03-01
+919116217756,02879227893,480,L12,2024-06-22
+915606858100,01440281795,670,L13,2024-01-04
+919116217756,1405174893,333,L12,2023-02-26
+913939091670,03796181062,741,L13,2022-01-17
+918964618370,+915606858100,546,L15,2022-11-26
+914296431265,+910361689527,311,L12,2023-04-26
9968205431,02879227893,542,L16,2025-06-25
05687847033,+917562745092,631,L14,2024-03-16
2764258363,+914296431265,450,L14,2023-05-23
6563606777,+910685105885,900,L13,2023-08-22
+915904443371,+910630887425,79,L16,2023-09-18
8512139853,+919116217756,622,L13,2025-04-21
0909203877,2991323347,727,L14,2023-06-14
01858173651,01928977360,593,L15,2023-07-07
05781650615,+916614260755,697,L16,2025-09-08
05738442412,+916719932760,612,L16,2023-11-04
5797940050,01787502998,493,L16,2023-03-24
+917095178482,+916614260755,794,L16,2024-12-05
+912358454193,06736519594,260,L12,2022-11-19
3739349217,01488871984,783,L15,2025-03-15
00220117690,+913939091670,122,L12,2024-09-07
+914017332760,8601129452,877,L14,2024-11-28
01179039159,01440281795,808,L14,2024-04-25
3992755330,3152821407,140,L12,2022-09-15
+918319518275,9066248106,289,L15,2025-03-06
9968205431,1405174893,70,L16,2022-10-31
+916719932760,9066248106,33,L14,2022-10-17
+912693669801,05240973068,213,L14,2024-08-03
+916614260755,+910502970960,199,L16,2023-11-09
3992755330,+917095178482,487,L16,2022-01-05
7352778763,6563606777,85,L16,2025-03-20
+916719932760,+911422570088,727,L16,2024-01-09
02022520672,+910630887425,340,L15,2024-03-23
+916719932760,+911422570088,560,L14,2025-02-01
9066248106,+910361689527,192,L15,2023-01-26
6791721909,+917095178482,143,L13,2022-03-10
01179039159,+912588340080,192,L15,2023-06-27
+910361689527,+915606858100,313,L15,2023-04-21
1375513672,5981963708,764,L15,2025-11-20
5315937580,02197084677,33,L16,2022-03-08
3152821407,+913279774365,671,L13,2023-10-05
+919116217756,+912164135828,776,L12,2025-04-08
5871683548,3152821407,96,L15,2025-08-17
5389320020,7443478080,481,L13,2023-06-24
03593874176,+915904443371,866,L12,2023-10-15
5871683548,+916614260755,815,L12,2024-01-21
05738442412,2357251175,629,L15,2023-07-29
1405174893,05738442412,774,L13,2023-11-21
01179039159,+919922495422,161,L13,2025-07-01
3992755330,2970858880,115,L13,2023-03-18
+914344639907,+916719932760,229,L14,2023-02-09
06558860788,+913770284193,756,L12,2025-11-18
+917095178482,05980819939,472,L12,2024-01-18
5389320020,05980819939,799,L16,2024-09-06
09649796664,0909203877,327,L12,2023-05-26
05738442412,01440281795,220,L12,2022-04-25
3173508138,05738442412,241,L16,2025-04-06
+918380599695,2357251175,179,L12,2023-04-27
+910361689527,1375513672,816,L12,2022-09-27
00220117690,02022520672,74,L12,2025-04-05
+916330394558,+912040965640,172,L13,2025-09-17
+915301936643,+917622376190,64,L15,2024-06-18
00425079208,+910630887425,564,L12,2024-08-05
05687847033,+914017332760,656,L15,2025-11-16
+915904443371,+911775319685,113,L16,2025-06-28
7805346187,05738442412,275,L15,2022-04-13
09915489126,02197084677,554,L13,2024-06-21
3152821407,+912588340080,156,L16,2023-11-27
+912358454193,+911422570088,164,L16,2023-10-11
07396619614,8388286030,805,L14,2025-11-10
1405174893,07450965646,293,L14,2025-12-30
+918326713362,+917106718853,155,L15,2023-05-22
8542099590,01179039159,592,L13,2022-06-06
+911826217300,+916330394558,53,L16,2022-09-02
+912588340080,+911895959995,246,L14,2025-11-28
+911377204389,02197084677,831,L12,2025-06-11
+917095178482,05889263786,80,L12,2024-07-19
+912358454193,+914017332760,715,L13,2022-03-15
03245201232,09915489126,606,L16,2025-06-22
05604954282,09915489126,617,L12,2023-10-14
07455419767,05738442412,150,L15,2024-10-05
1143445680,8542099590,575,L13,2024-07-19
05738442412,+918964618370,301,L13,2022-11-03
8045261055,05738442412,700,L14,2023-10-19
03796181062,01440281795,875,L13,2023-01-29
7293535159,07919785417,557,L13,2023-02-05
+912480543482,+915301936643,458,L14,2022-02-07
07455419767,+911895959995,525,L16,2025-05-12
2764258363,07919785417,480,L13,2022-02-12
07919785417,+918964618370,704,L16,2024-02-13
+917095178482,+911422570088,789,L13,2023-10-04
3152821407,+912588340080,268,L13,2025-07-01
2588421589,01440281795,219,L16,2022-11-24
9135330926,+914296431265,279,L15,2023-01-14
+911278666421,+914017332760,818,L13,2022-12-16
9658829813,+919116217756,22,L12,2024-05-06
+910209804374,09915489126,90,L16,2022-10-18
+919922495422,03019893024,591,L13,2022-11-19
03796181062,+916260285256,335,L13,2024-04-20
07396619614,03796181062,328,L16,2025-09-23
00916559505,5389320020,479,L13,2025-09-30
01440281795,05738442412,642,L13,2023-08-31
9066248106,1405174893,348,L14,2025-09-20
+913970569817,07396619614,689,L14,2025-02-02
3241204431,+910361689527,114,L16,2023-04-02
+911153515080,07396619614,284,L16,2025-03-21
9968205431,+916719932760,881,L12,2022-11-18
2357251175,+916330394558,875,L12,2022-11-07
1793612164,05738442412,83,L14,2024-02-02
+911895959995,9658829813,120,L14,2025-12-27
+916614260755,+912358454193,561,L16,2024-05-04
07455419767,00916559505,13,L16,2022-08-01
+915606858100,+915904443371,574,L12,2025-01-05
1405174893,+913279774365,773,L12,2022-10-01
9066248106,1405174893,588,L15,2024-10-26
+913950966283,+916614260755,255,L16,2023-10-05
+915904443371,5554619979,402,L15,2025-07-30
+912164135828,+912358454193,771,L12,2023-09-29
+910502970960,+917106718853,227,L13,2023-08-30
8045261055,7291389047,451,L13,2022-10-24
+916330394558,05738442412,317,L12,2025-11-14
9066248106,05738442412,264,L13,2024-12-25
3152821407,8045261055,755,L16,2024-09-21
00425079208,+919116217756,887,L12,2025-12-04
+916330394558,+912358454193,462,L15,2022-11-11
6506161068,03796181062,632,L16,2023-07-23
+913939091670,3241204431,169,L13,2024-11-18
8045261055,02197084677,63,L15,2023-03-26
0992696419,07919785417,709,L12,2022-12-11
+911422570088,09915489126,206,L16,2022-11-27
3992755330,02197084677,198,L12,2022-07-17
+915904443371,9066248106,834,L14,2023-01-03
+918319518275,+916614260755,245,L12,2025-01-31
7805346187,02197084677,170,L16,2024-05-05
05738442412,05240973068,790,L12,2025-06-06
+911422570088,2588421589,719,L13,2024-06-04
2357251175,+910685105885,254,L13,2023-04-11
9968205431,+914910168757,216,L16,2024-10-24
2809302877,+917095178482,213,L15,2023-03-16
06558860788,1143445680,522,L12,2023-11-20
+910209804374,06682596186,835,L13,2024-04-04
2588421589,+912693669801,449,L14,2025-02-04
3739349217,+915606858100,81,L13,2023-01-24
03019893024,3152821407,210,L16,2023-04-08
05901183152,+917095178482,874,L13,2024-11-06
09915489126,01179039159,759,L12,2025-05-13
+916614260755,+915904443371,787,L12,2025-12-05
06558860788,2809302877,509,L12,2024-02-29
01440281795,0992696419,649,L16,2024-01-29
05738442412,01440281795,556,L12,2024-12-06
9968205431,2357251175,258,L16,2022-06-03
00220117690,01787502998,424,L15,2022-08-28
00425079208,+913939091670,365,L15,2025-04-30
01858173651,+916614260755,257,L14,2025-01-13
09915489126,07455419767,757,L12,2025-10-15
+914910168757,2357251175,159,L15,2025-12-07
1405174893,+913939091670,846,L16,2024-03-28
1405174893,05738442412,895,L16,2023-12-26
05687847033,00624939725,463,L14,2023-02-23
02879227893,03796181062,171,L14,2023-12-05
+916719932760,+916947239687,450,L12,2025-07-10
+917562745092,7293535159,144,L16,2025-04-01
07919785417,5285887593,491,L16,2022-10-20
02528090888,6506161068,316,L15,2022-05-09
2970858880,2588421589,27,L12,2025-02-25
02197084677,+910502970960,319,L15,2025-11-05
08869565908,09915489126,637,L14,2025-03-15
5618343531,+916330394558,526,L16,2023-02-01
3152821407,9968205431,120,L15,2024-04-21
2991323347,05687847033,536,L14,2025-07-14
+910361689527,+918355538922,554,L12,2024-12-28
